id,action,created_at,animal_id,tag_id,user_id
3f4d668e-d079-42d7-8de7-69e369ab959b,add,2023-05-01,47d0b5d2-80dc-49ef-b8e6-a69628b876d3,f04f581a-d34c-4a62-8b0d-5d3efbbb19a3,5443
e6f84163-475c-4e36-8c46-b679810cbcea,add,2023-05-01,6b25474f-866e-4efa-bbe9-ae9f50c78b4a,f04f581a-d34c-4a62-8b0d-5d3efbbb19a3,5443
c676498f-00fa-4350-95f4-50ec97eb9a10,add,2023-05-01,fc4288b4-5b7a-41b6-bede-bec057f584f7,f04f581a-d34c-4a62-8b0d-5d3efbbb19a3,5443
552737b6-5bfd-4004-b1a1-09ee7a429dd9,add,2023-05-01,6dd09559-842f-400f-b1de-3e824510afc5,f04f581a-d34c-4a62-8b0d-5d3efbbb19a3,5443
1388b821-c350-44be-b244-88913f6596d3,add,2023-05-01,8647de4f-acec-43b4-b80a-7d367b40d2d1,f04f581a-d34c-4a62-8b0d-5d3efbbb19a3,5443
b31b5c33-7c4e-4c53-a9ef-31aaf42503ff,add,2023-05-01,a4e4c0c0-632c-43f9-8421-8fe59205c796,f04f581a-d34c-4a62-8b0d-5d3efbbb19a3,5443
51c847d1-128d-441c-9781-cf81501916fd,add,2023-05-01,b299fe63-d3b1-4679-9697-3f264bd6a42f,f04f581a-d34c-4a62-8b0d-5d3efbbb19a3,5443
55dfc6ee-6098-4215-9c59-138a6a14e32b,add,2023-05-01,21d3b7c7-03e3-4738-a154-50b6eb3355c0,f04f581a-d34c-4a62-8b0d-5d3efbbb19a3,5443
b18c5a01-60b2-492d-a3b1-f8f838c1ff18,add,2023-05-01,a10906f3-e68c-4d8e-8c66-6fac44c07739,f04f581a-d34c-4a62-8b0d-5d3efbbb19a3,5443
f3103304-98a2-4335-bfed-c2726b029716,add,2023-05-01,5a9c9653-08d2-47df-b6b0-475855d5267a,f04f581a-d34c-4a62-8b0d-5d3efbbb19a3,5443
f885c529-2e68-474f-a34f-fe2092597266,add,2023-05-01,70924c60-c63e-4e77-a26a-78d3724cf761,f04f581a-d34c-4a62-8b0d-5d3efbbb19a3,5443
fdfcbcfa-f29c-4512-8daf-2e1c728e336b,add,2023-05-01,6f4331c8-c8f0-4235-a5e9-f26b2b3cf2a5,f04f581a-d34c-4a62-8b0d-5d3efbbb19a3,5443
aa66b5cb-b31c-40ed-a71b-030449b0893b,add,2023-05-01,595efe9c-c095-4374-ad95-2777b5604f37,f04f581a-d34c-4a62-8b0d-5d3efbbb19a3,5443
e57df7e4-605a-4e3f-9ecf-355313d86fa1,add,2023-05-01,e90a213d-9214-47b8-97c5-b8f6516ee30d,f04f581a-d34c-4a62-8b0d-5d3efbbb19a3,5443
0ef53d94-29cf-491e-9cc2-883090316f08,add,2023-05-01,4df4bf16-ae17-462f-8f08-d54c9155eea1,f04f581a-d34c-4a62-8b0d-5d3efbbb19a3,5443
4b09562f-af1c-4b17-85bc-ee9fa35fe555,add,2023-05-01,49122c85-c7e7-4c14-b789-01facd490b2b,f04f581a-d34c-4a62-8b0d-5d3efbbb19a3,5443
fac89786-a1b2-4fcd-91f9-13a9e3bcc55a,add,2023-05-01,dd5a21f8-7431-4713-ae6b-7b8bf03d74e0,f04f581a-d34c-4a62-8b0d-5d3efbbb19a3,5443
200ba528-7b39-4d84-98a8-8dbb4e90049c,add,2023-05-01,3e8f638b-9280-49e7-82e8-bb295905f0dd,f04f581a-d34c-4a62-8b0d-5d3efbbb19a3,5443
019bb929-b5c9-4d55-9789-dbc71c861806,add,2023-05-01,31eac5fd-2662-4c6b-8c19-c5278b07e200,f04f581a-d34c-4a62-8b0d-5d3efbbb19a3,5443
b7c9bbde-ad6e-4755-8d62-d07e10981e8c,add,2023-05-01,8b9c0475-b9bc-4ba3-9502-ccd88983b7eb,f04f581a-d34c-4a62-8b0d-5d3efbbb19a3,5443
d70f6ef5-2080-4048-9788-fbfb67109ea0,add,2023-05-01,d4275e18-239e-4fda-a44b-647e248a73e2,f04f581a-d34c-4a62-8b0d-5d3efbbb19a3,5443
17281f30-02dd-4ff7-bace-164e116ec657,add,2023-05-01,5b34f6b4-21f5-4ead-b8db-21a17ba34064,f04f581a-d34c-4a62-8b0d-5d3efbbb19a3,5443
093351fe-cef0-4b54-84a6-c12116a6ed7d,add,2023-05-01,f068c0bd-12be-4798-b721-3fecbfd6f223,f04f581a-d34c-4a62-8b0d-5d3efbbb19a3,5443
6e0f21ee-53a3-4a2a-9d2f-b1ad9051d4cc,add,2023-05-01,2990acf6-d45e-490e-a3c3-cf58884af2ab,f04f581a-d34c-4a62-8b0d-5d3efbbb19a3,5443
28381080-35e7-41e3-8c8b-0a8056bf1040,add,2023-05-01,797565bb-9968-444b-9af2-9eac79ca44c6,f04f581a-d34c-4a62-8b0d-5d3efbbb19a3,5443
6bb83c71-3c43-49ed-b2fd-a672285c394d,add,2023-05-01,5f093683-cd91-483a-9d7c-0a85462dcb21,f04f581a-d34c-4a62-8b0d-5d3efbbb19a3,5443
1f1e191f-1da4-43e4-8977-a04565ed5021,add,2023-05-01,9a5d8d16-4004-4585-b500-3484bf8d8cd2,f04f581a-d34c-4a62-8b0d-5d3efbbb19a3,5443
d008cc7e-6d82-463b-b293-ad11378b2d97,add,2023-05-01,4bf63f47-bd63-4c0c-a826-0028fa35bed7,f04f581a-d34c-4a62-8b0d-5d3efbbb19a3,5443
8503f782-81ac-478c-b3f7-03d2ed5e35a5,add,2023-05-01,10fc5193-b249-4c70-9526-c316b8991d10,f04f581a-d34c-4a62-8b0d-5d3efbbb19a3,5443
2a75febe-57d8-4cea-b1f4-31385a52d716,add,2023-05-01,ce6db7ba-255e-43f3-ba67-5fcd4ceb5db6,f04f581a-d34c-4a62-8b0d-5d3efbbb19a3,5443
825be349-bf4e-4f85-9522-395ef533b57b,add,2023-05-01,f7100a7e-adb5-4969-b1d3-c0a7dfd6e2b0,f04f581a-d34c-4a62-8b0d-5d3efbbb19a3,5443
00cd9765-10a0-47c8-935a-2d9647cb2963,add,2023-05-01,7657550f-b2af-46c9-a2d2-e500b8137e6e,f04f581a-d34c-4a62-8b0d-5d3efbbb19a3,5443
83e97f64-7c4c-4f9e-b80b-13c1fc5a5765,add,2023-05-01,fd5a7845-2b68-403b-b2ac-31b26a2cf779,f04f581a-d34c-4a62-8b0d-5d3efbbb19a3,5443
1936e2de-b29e-4c3a-b529-fdc916d2a582,add,2023-05-01,0543830f-d978-435f-a6d2-3affb01aa83c,f04f581a-d34c-4a62-8b0d-5d3efbbb19a3,5443
8383b015-c6de-439f-b05c-dbb09c59201b,add,2023-05-01,af928aaa-59f6-4056-ab3b-f9dcd1ac3aa4,f04f581a-d34c-4a62-8b0d-5d3efbbb19a3,5443
77389fa1-74e3-4eff-aacb-6859a6e6d783,add,2023-05-01,ecb4d09b-7f83-4b96-9596-74e087374223,f04f581a-d34c-4a62-8b0d-5d3efbbb19a3,5443
5d3cd269-bb55-4860-ba26-9e7a2cc984d4,add,2023-05-01,a404061e-eb28-4c3f-9e67-13926644ca07,f04f581a-d34c-4a62-8b0d-5d3efbbb19a3,5443
cbdaca72-16f9-4d33-893f-0ebc1ecf51fa,add,2023-05-01,9752003e-df4a-483c-ac38-ca254b62cb3a,f04f581a-d34c-4a62-8b0d-5d3efbbb19a3,5443
d94d0259-4764-45e4-bcdd-9af9354a0e85,add,2023-05-01,c415e974-0993-4a38-af16-caf9c7330113,f04f581a-d34c-4a62-8b0d-5d3efbbb19a3,5443
6a4fd86f-8b21-4f9e-92eb-d6f353c78f7b,add,2023-05-01,96b9f38e-c600-4cc4-ae8b-025b579bb6af,f04f581a-d34c-4a62-8b0d-5d3efbbb19a3,5443
9649719d-26ff-42a9-8c99-e2786a574432,add,2023-05-01,04f40950-8f7b-4a22-a185-b632991f5d1a,f04f581a-d34c-4a62-8b0d-5d3efbbb19a3,5443
e78c7d9e-b1d4-477d-9dc5-d6aa50bcf56d,add,2023-05-01,da54e5a2-fbfb-4b1d-8ec7-c4d5f6ed26ed,f04f581a-d34c-4a62-8b0d-5d3efbbb19a3,5443
a928e1b1-3943-43dc-87a5-a652d5fc820a,add,2023-05-01,7cc80a5c-c9cd-4f94-9c03-206e273ba25e,f04f581a-d34c-4a62-8b0d-5d3efbbb19a3,5443
e1eb3ff5-a80b-47bf-a181-2d684936b1d3,add,2023-05-01,a10fd2a0-c2de-43e9-b168-f9f1dd50e9a3,f04f581a-d34c-4a62-8b0d-5d3efbbb19a3,5443
2f4921af-c1af-4843-82be-e535bfaf7056,add,2023-05-01,9bf75b6b-81c9-491a-92eb-117622af2596,f04f581a-d34c-4a62-8b0d-5d3efbbb19a3,5443
6fe41466-b5aa-47b2-8971-043c97cdef4e,add,2023-05-01,c794a9a4-3712-45b8-9e13-539e9cc461f8,f04f581a-d34c-4a62-8b0d-5d3efbbb19a3,5443
90eb1389-af89-4489-99d6-ed475fc3f292,add,2023-05-01,30af59e6-1ced-4d0b-82af-c1b2c3b8562b,f04f581a-d34c-4a62-8b0d-5d3efbbb19a3,5443
083b8773-df3d-42ef-b6f1-ed2ea032b6fb,add,2023-05-01,e145607d-f135-4900-a295-61773942a02c,f04f581a-d34c-4a62-8b0d-5d3efbbb19a3,5443
231ac67c-c7c6-479e-8a87-c81b40735b01,add,2023-05-01,3cbdf922-6d25-4a37-96de-2c76d8e27744,f04f581a-d34c-4a62-8b0d-5d3efbbb19a3,5443
0d29f7e3-ff0c-4553-9cf0-6acafe5abfd8,add,2023-05-01,576abf73-7ebd-4b36-82cd-13dcc5ae96a2,f04f581a-d34c-4a62-8b0d-5d3efbbb19a3,5443
b5a50b7a-8063-45ad-b195-a9276b8c13e3,add,2023-05-01,d135f560-fce2-4697-8472-475fa113bfa5,f04f581a-d34c-4a62-8b0d-5d3efbbb19a3,5443
2d354699-782f-4bf7-9f60-1d7465a9cc21,add,2023-05-01,d87278e0-1e2b-4a28-8d73-9af8b7303792,f04f581a-d34c-4a62-8b0d-5d3efbbb19a3,5443
dee79748-0e28-4db7-854f-e62edd045a70,add,2023-05-01,65abafdc-a9b7-4f94-83ec-4bb255e44ec1,f04f581a-d34c-4a62-8b0d-5d3efbbb19a3,5443
999ed140-56d4-4e6a-aeba-b69baf95b252,add,2023-05-01,22a008b4-b9bd-45de-a1e6-3c3f9d0d67a1,f04f581a-d34c-4a62-8b0d-5d3efbbb19a3,5443
3e469290-6455-4b6b-8a9a-f4a4be169413,add,2023-05-01,cd754558-e60b-4a7a-9aa5-4b729fb8add9,f04f581a-d34c-4a62-8b0d-5d3efbbb19a3,5443
4d121540-a8f1-4f00-a0d2-520d571aecde,add,2023-05-01,66de2643-672c-42f4-aa55-0cb8af9bb980,f04f581a-d34c-4a62-8b0d-5d3efbbb19a3,5443
b606b6be-1e6b-426c-af18-d0e96878f9ab,add,2023-05-01,7ce69f8f-5ae4-40c1-80b2-d8399f1edb64,f04f581a-d34c-4a62-8b0d-5d3efbbb19a3,5443
ba3ed670-61be-4412-9864-c0e03073a591,add,2023-05-01,2beefdc0-2da5-4ae5-9880-8b20ff078794,f04f581a-d34c-4a62-8b0d-5d3efbbb19a3,5443
f52732af-4858-40fc-b9d6-08d6aad3730e,add,2023-05-01,affc71e8-ae23-49d1-b03c-15f85d55cb0a,f04f581a-d34c-4a62-8b0d-5d3efbbb19a3,5443
ae7edda8-6742-4a7d-be55-332ca89c9df5,add,2023-05-01,a735fec1-1d34-456a-b46a-db3893f104db,f04f581a-d34c-4a62-8b0d-5d3efbbb19a3,5443
5922cebe-6c08-4cfa-888b-3214576eff18,add,2023-05-01,e96b5f3d-1e36-4ce6-b1c1-d4a0d88a8fed,f04f581a-d34c-4a62-8b0d-5d3efbbb19a3,5443
0bd5db5e-9956-4f80-88e0-30e2df6ea986,add,2023-05-01,7f50ed19-0295-441d-be5c-b231333ed4df,f04f581a-d34c-4a62-8b0d-5d3efbbb19a3,5443
4d089ccd-5421-4682-af6d-1778b95fb957,add,2023-05-01,c26a3485-77a8-4cc6-a174-9888a89537e1,f04f581a-d34c-4a62-8b0d-5d3efbbb19a3,5443
7435b90e-94b1-4958-b566-4723ee7f0389,add,2023-05-01,94e6e067-695a-4884-b9f2-ccd1b6d78a72,f04f581a-d34c-4a62-8b0d-5d3efbbb19a3,5443
f62bd407-615a-4514-88cb-aa5d68e878be,add,2023-05-01,92791ba9-9ef0-428c-8491-94a3d68cd64c,f04f581a-d34c-4a62-8b0d-5d3efbbb19a3,5443
6bd67cf6-b327-4350-b897-20349f7410ab,add,2023-05-01,f72c65b9-046d-4017-996c-06a1c692ad07,f04f581a-d34c-4a62-8b0d-5d3efbbb19a3,5443
03f8d823-76e4-407d-853b-60e0d68cdb0f,add,2023-05-01,75b8502a-448c-4253-8ac7-12128953c367,f04f581a-d34c-4a62-8b0d-5d3efbbb19a3,5443
888bbcb3-a10b-4dfe-9834-ddf4043f108e,add,2023-05-01,9b006116-8236-457d-871d-e3f3c3130322,f04f581a-d34c-4a62-8b0d-5d3efbbb19a3,5443
f78d80f6-7279-4b44-8c23-f9539566561d,add,2023-05-01,8cf7af38-5759-4525-aac2-96fdc0a6010d,f04f581a-d34c-4a62-8b0d-5d3efbbb19a3,5443
47d9e758-7005-49cd-bf84-0f9334f25241,add,2023-05-01,ea36d045-53e6-4411-a6ae-bd9a9ddc3678,f04f581a-d34c-4a62-8b0d-5d3efbbb19a3,5443
68a8fced-4cd2-4e47-843f-d64f7c88ffe6,add,2023-05-01,1214fada-f7ac-49f6-9fee-05ef8a6656d6,f04f581a-d34c-4a62-8b0d-5d3efbbb19a3,5443
a39b7aff-22e4-4b68-9a6f-00cde170a670,add,2023-05-01,5cd4959d-1f34-4ad0-9ee9-6ff829f0d823,f04f581a-d34c-4a62-8b0d-5d3efbbb19a3,5443
6f8852dc-c4a3-42db-ac28-c0e1e031d632,add,2023-05-01,468d9197-2e40-46dd-854d-47353c0a66af,f04f581a-d34c-4a62-8b0d-5d3efbbb19a3,5443
11a92e22-5631-4b4f-808c-410c49cb2eb2,add,2023-05-01,599b5295-1660-48f7-8b1b-61494fe7fb8f,f04f581a-d34c-4a62-8b0d-5d3efbbb19a3,5443
80d3c197-6f51-4a9b-9e2a-94190326c135,add,2023-05-01,4bfe6032-bbe1-485e-8b29-2aa4a92ee6f1,f04f581a-d34c-4a62-8b0d-5d3efbbb19a3,5443
ff23643a-d38c-4cc0-ad4b-ff2cc22de507,add,2023-05-01,6d2b90b8-67d7-428d-b09b-58f9a61f56eb,f04f581a-d34c-4a62-8b0d-5d3efbbb19a3,5443
0b40dd3e-5571-4d5a-ae8d-6802e2765a35,add,2023-05-01,8cb7b10f-7ecd-441a-bd83-48b7551a382f,f04f581a-d34c-4a62-8b0d-5d3efbbb19a3,5443
08876f90-7e63-4e24-ad04-e56685d1c69e,add,2023-05-01,c053432e-39c6-432c-b00a-701ea8574551,f04f581a-d34c-4a62-8b0d-5d3efbbb19a3,5443
5a93f1dd-f113-4389-9466-8c51fcc173ac,add,2023-05-01,60abe2c3-a4a2-45a0-a1ac-6c050a23edc5,f04f581a-d34c-4a62-8b0d-5d3efbbb19a3,5443
be7c6e8b-251c-4c6a-ba5c-b50249f95314,add,2023-05-01,6e05d9d5-6117-4125-9f4f-e822e8849b14,f04f581a-d34c-4a62-8b0d-5d3efbbb19a3,5443
c8dc6dbc-fc7a-4f71-a36e-6b945677cfd4,add,2023-05-01,8359768c-46c9-42c5-83ab-58c32b1913ca,f04f581a-d34c-4a62-8b0d-5d3efbbb19a3,5443
8a6ccae7-56d5-468c-b54e-a47892bd3244,add,2023-05-01,a080d453-0391-4fc0-a77a-0c6e2ccad31c,f04f581a-d34c-4a62-8b0d-5d3efbbb19a3,5443
16135283-e06e-45be-a75b-874188c478b5,add,2023-05-01,e590bf7f-85cf-4979-85dc-4ec647c22bd4,f04f581a-d34c-4a62-8b0d-5d3efbbb19a3,5443
eaf10c2d-755c-4cc7-9a26-09246905036d,add,2023-05-01,4deda364-678c-48ea-829a-a5c262f8083a,f04f581a-d34c-4a62-8b0d-5d3efbbb19a3,5443
78aa4194-cc0a-4357-8df2-da6cd346fa74,add,2023-05-01,2cc23a10-8a6c-4815-81e9-5c71c7a77914,f04f581a-d34c-4a62-8b0d-5d3efbbb19a3,5443
1ecb1ad5-4a4d-4f40-81e0-98137ae2af59,add,2023-05-01,848faff4-2437-43e4-b4ff-cd23fc286d2b,f04f581a-d34c-4a62-8b0d-5d3efbbb19a3,5443
79bcbad5-63c6-4d70-99f1-fa63c64e5493,add,2023-05-01,204c79ea-7f9a-443f-866f-6005b2594f18,f04f581a-d34c-4a62-8b0d-5d3efbbb19a3,5443
160a0fff-e3e7-4969-b09c-8978dc5c3b41,add,2023-05-01,10505166-001b-47f2-b1e8-cbd9f1405ff1,f04f581a-d34c-4a62-8b0d-5d3efbbb19a3,5443
74c7c035-5c43-4bfd-a6b9-cf2c461928e1,add,2023-05-01,3dde5fe3-7132-49f8-8373-deae64b515a6,f04f581a-d34c-4a62-8b0d-5d3efbbb19a3,5443
44a80512-01b3-48c9-8e1d-da869ebed142,add,2023-05-01,307b6a1b-c728-4bcc-acf4-136f654b4c79,f04f581a-d34c-4a62-8b0d-5d3efbbb19a3,5443
f767d19a-a6fe-431a-aaa5-a76046e329c6,add,2023-05-01,3ffa7e4d-232c-4d1d-b146-90ea8aa42803,f04f581a-d34c-4a62-8b0d-5d3efbbb19a3,5443
fe02c669-78fd-447a-bccb-c0e0057a754c,add,2023-05-01,450110bf-06d1-4305-a82c-0dcdff2f8125,f04f581a-d34c-4a62-8b0d-5d3efbbb19a3,5443
fa63723b-5f99-4666-99b1-8a857421ce69,add,2023-05-01,c15bb521-f9e0-441f-aa0a-477371816bd4,f04f581a-d34c-4a62-8b0d-5d3efbbb19a3,5443
805ec028-98a2-4d1e-91e0-e32498be8d74,add,2023-05-01,8f32d77c-b2e8-4b8a-9bcc-9fc078370e3f,f04f581a-d34c-4a62-8b0d-5d3efbbb19a3,5443
ec5914d4-d6a4-4bd3-bbf9-8ff78d8b1809,add,2023-05-01,f28c4440-3b18-4b5e-aa84-6d1c706b75bb,f04f581a-d34c-4a62-8b0d-5d3efbbb19a3,5443
6162df5a-229b-4118-867e-d534a0a8a5ac,add,2023-05-01,5b692764-0f74-40af-8f63-279d4d99a4f7,f04f581a-d34c-4a62-8b0d-5d3efbbb19a3,5443
af31417b-f6b4-494c-ba6d-2e1050b215c1,add,2023-05-01,769df82a-1233-4165-9f29-f4673d49c1e6,f04f581a-d34c-4a62-8b0d-5d3efbbb19a3,5443
a1f7d55f-f1e0-47ff-9c69-b04845b3d08c,add,2023-05-01,a696591b-d1de-4f1e-bfdf-9d68a0d691cb,f04f581a-d34c-4a62-8b0d-5d3efbbb19a3,5443
765d4d75-7827-413b-8570-3b1caf14f52f,add,2023-05-01,dbe16846-6952-4102-bf02-b1c8c8321952,f04f581a-d34c-4a62-8b0d-5d3efbbb19a3,5443
22cb3f85-d3d5-430e-b315-7f19474b4d23,add,2023-05-01,52986aaa-9c04-4bfa-bfa1-4f19f07681cf,f04f581a-d34c-4a62-8b0d-5d3efbbb19a3,5443
e251fdd7-82ba-449a-aa12-bdbbb7bf4300,add,2023-05-01,ce4d4f46-2b0a-4a6e-9ab5-679659c5557a,f04f581a-d34c-4a62-8b0d-5d3efbbb19a3,5443
f193bd40-fe52-481d-8e68-9b0c299805d5,add,2023-05-01,ee190171-ca2b-4a88-9a71-86024433464c,f04f581a-d34c-4a62-8b0d-5d3efbbb19a3,5443
31756dfd-bff2-4643-b565-faa0b87d1387,add,2023-05-01,b8fef6d0-3114-4471-8203-fe0b324cf97b,f04f581a-d34c-4a62-8b0d-5d3efbbb19a3,5443
fc383da8-ce76-41af-8f5f-a4838603a477,add,2023-05-01,e3824554-5f89-43a0-96ca-e64b62e6143b,f04f581a-d34c-4a62-8b0d-5d3efbbb19a3,5443
03f98e69-0738-4bf5-b660-dabc51937e92,add,2023-05-01,db8e96cd-8a53-43b8-a241-6cebe548edc1,f04f581a-d34c-4a62-8b0d-5d3efbbb19a3,5443
ceb25078-b76f-44b6-a998-c5758cad9d01,add,2023-05-01,3f5016c5-dcc8-4703-9591-0a49ceeb8e42,f04f581a-d34c-4a62-8b0d-5d3efbbb19a3,5443
6efdf3dc-7bb5-49a2-a236-a7dcb672ba3a,add,2023-05-01,534fbf9d-f759-4dbf-be3d-7fae26224280,f04f581a-d34c-4a62-8b0d-5d3efbbb19a3,5443
a2cf5015-d4fe-4b2e-a3d2-b545582e3d2d,add,2023-05-01,10675540-984d-4638-a65f-c875e78dd191,f04f581a-d34c-4a62-8b0d-5d3efbbb19a3,5443
f509f258-04bf-4c75-b99b-61e4483219df,add,2023-05-01,20683aca-2a94-4fbf-aa99-4938547710ca,f04f581a-d34c-4a62-8b0d-5d3efbbb19a3,5443
1a33133f-0725-4efb-8f91-ba28f2dbf738,add,2023-05-01,18082121-85e5-4058-97cd-572766f087d5,f04f581a-d34c-4a62-8b0d-5d3efbbb19a3,5443
ee128d27-4872-4613-b502-a4535861b960,add,2023-05-01,711324dc-fdd4-4676-ad01-cdf72761afeb,f04f581a-d34c-4a62-8b0d-5d3efbbb19a3,5443
f5de00e5-d391-45e7-89ff-9e2e62b389bd,add,2023-05-01,271c4d38-15d9-48ac-9d7c-f50f342d820e,f04f581a-d34c-4a62-8b0d-5d3efbbb19a3,5443
8d16d2b2-fc34-4c25-b935-9ad5a3bd57ce,add,2023-05-01,94ef4975-18ad-47fc-ad00-47860bfe378d,f04f581a-d34c-4a62-8b0d-5d3efbbb19a3,5443
646c339b-dd3b-4be7-8b2c-f8b00b74c87a,add,2023-05-01,204f1a14-0a08-4e81-8d01-bbd8984e47dd,f04f581a-d34c-4a62-8b0d-5d3efbbb19a3,5443
9f309f94-8ffb-482c-a471-6771943e5a98,add,2023-05-01,b036f307-872d-442c-b59b-a9ff98733ced,f04f581a-d34c-4a62-8b0d-5d3efbbb19a3,5443
02fffb25-97c4-46ad-abfa-00f6db53fe0c,add,2023-05-01,4ffa997c-8b3e-40af-a6d4-e806b0acef59,f04f581a-d34c-4a62-8b0d-5d3efbbb19a3,5443
44d0456d-6c36-488c-acb4-5cf8cb1bd66a,add,2023-05-01,417225e4-d671-486f-853e-685e0fa8c4d1,f04f581a-d34c-4a62-8b0d-5d3efbbb19a3,5443
2684f99e-1170-479d-959e-2bd3d32557c9,add,2023-05-01,c8e42b20-ae5c-4776-8eed-8b0bf6db4837,f04f581a-d34c-4a62-8b0d-5d3efbbb19a3,5443
7f99d132-8d56-4006-b974-5736561a25e8,add,2023-05-01,4c8610c6-8f50-4673-9e16-e74aaccd83ec,f04f581a-d34c-4a62-8b0d-5d3efbbb19a3,5443
55f17e65-20ee-4394-8599-f492c9b669fb,add,2023-05-01,de3527e5-ed46-41e0-9fb8-0166a9e21fe6,f04f581a-d34c-4a62-8b0d-5d3efbbb19a3,5443
5d9dc1f2-ba05-4d74-a356-78eaac37e49e,add,2023-05-01,1493f341-3231-4c9c-950c-c623e9c53516,f04f581a-d34c-4a62-8b0d-5d3efbbb19a3,5443
e9961f84-2359-4a13-b18f-b22f9bb1082d,add,2023-05-01,771c01c2-a602-4d4c-a343-f35d6c78ec19,f04f581a-d34c-4a62-8b0d-5d3efbbb19a3,5443
f516f796-b055-405d-bbe3-3b1cc01d333a,add,2023-05-01,5827ff23-bbd1-48c7-a099-84122d168ac7,f04f581a-d34c-4a62-8b0d-5d3efbbb19a3,5443
f987493a-c10c-4622-b1ae-60e71be42bfa,add,2023-05-01,429ecd7c-7c76-4a7e-8ea2-a84b6db136b4,f04f581a-d34c-4a62-8b0d-5d3efbbb19a3,5443
b7a0c59f-7cb8-4584-be37-1949a38d9a98,add,2023-05-01,86713e67-6161-41a8-95f8-f95c594dbb50,f04f581a-d34c-4a62-8b0d-5d3efbbb19a3,5443
ce7b4776-69b5-457e-b2a2-61b4ce8622fd,add,2023-05-01,366a60c1-30e1-4940-bf1d-c16f4fe91684,f04f581a-d34c-4a62-8b0d-5d3efbbb19a3,5443
c99101cc-9f55-415d-8fc9-23661a3760f9,add,2023-05-01,a3c8002c-90b9-4997-a3ec-44db850810d2,f04f581a-d34c-4a62-8b0d-5d3efbbb19a3,5443
a4edc6d6-e5d1-46bb-8306-fe8589c2812e,add,2023-05-01,54e8cc83-b361-481e-a243-c7da1171c9f1,f04f581a-d34c-4a62-8b0d-5d3efbbb19a3,5443
479fa5fa-4a39-46c1-a8cb-79eabc909899,add,2023-05-01,7d499dfe-a781-423e-b384-770d65785fe4,f04f581a-d34c-4a62-8b0d-5d3efbbb19a3,5443
b7d102b4-0309-4977-8ade-11aafd1b4223,add,2023-05-01,5776f066-a82c-4f55-99be-d1e3be638c19,f04f581a-d34c-4a62-8b0d-5d3efbbb19a3,5443
00a170d1-b850-4800-9912-c5e14115bac4,add,2023-05-01,b6f9888b-3cdd-4836-9eaf-8547b5545a71,f04f581a-d34c-4a62-8b0d-5d3efbbb19a3,5443
f4891bb7-c3ad-47c5-bb0e-04b93914d332,add,2023-05-01,dfe4916e-fbf0-4218-9227-3c1b173154e7,f04f581a-d34c-4a62-8b0d-5d3efbbb19a3,5443
4029be37-dfb8-4413-854c-a39aa92c8b0e,add,2023-05-01,7f2ed266-5e35-4217-b200-c4c24f9a5b81,f04f581a-d34c-4a62-8b0d-5d3efbbb19a3,5443
969bd3af-015d-43d5-accf-34c35f5a3a45,add,2023-05-01,73aac93a-bd7f-4e42-8843-5b6fa9356360,f04f581a-d34c-4a62-8b0d-5d3efbbb19a3,5443
d55540da-5035-4072-bb4e-f2176647f89a,add,2023-05-01,4b315846-1c64-455c-9121-6e27c1dc4d9e,f04f581a-d34c-4a62-8b0d-5d3efbbb19a3,5443
7b244417-5433-4bcc-9251-5f547cd5b7af,add,2023-05-01,7a6f5768-be48-4a27-a956-c1582edef8bd,f04f581a-d34c-4a62-8b0d-5d3efbbb19a3,5443
9b4f1cee-7b45-49cc-817a-735eb8d626e1,add,2023-05-01,aaef8b89-3f92-4e01-af76-a83fcecfe24d,f04f581a-d34c-4a62-8b0d-5d3efbbb19a3,5443
bb0f9042-e7d9-405f-81f2-970881379e62,add,2023-05-01,bd6b975e-0547-43f2-9e62-c8459e257806,f04f581a-d34c-4a62-8b0d-5d3efbbb19a3,5443
428dd885-2ef9-41d5-964c-592d018fa082,add,2023-05-01,ee6baaff-0973-4bbd-950a-25e1b8fd9ffc,f04f581a-d34c-4a62-8b0d-5d3efbbb19a3,5443
388bb181-9095-4c9c-85ca-d187b4382d3b,add,2023-05-01,9a9b9363-b686-4e83-98f9-b10345d17857,f04f581a-d34c-4a62-8b0d-5d3efbbb19a3,5443
ed9d3858-5a96-4306-9533-b2d5955832a4,add,2023-05-01,ead78669-f157-494e-9345-a6a9d45ce623,f04f581a-d34c-4a62-8b0d-5d3efbbb19a3,5443
ea0bfa38-1001-4966-8810-16b63e50d9c7,add,2023-05-01,85dba3b1-819b-4c61-b64c-9584d64f9236,f04f581a-d34c-4a62-8b0d-5d3efbbb19a3,5443
2adb41a1-7699-4c23-9aac-3e316c4238cd,add,2023-05-01,d105e5cb-b6f8-4b0d-88cd-281fc47e0217,f04f581a-d34c-4a62-8b0d-5d3efbbb19a3,5443
b00608a9-4722-4f88-9acb-255b4b385a49,add,2023-05-01,d5328262-ba23-45e6-8fb1-b7ef77d100a1,f04f581a-d34c-4a62-8b0d-5d3efbbb19a3,5443
61062112-c939-483e-955a-ea37f607abe3,add,2023-05-01,ead07cf1-8194-478d-a480-be209599e95e,f04f581a-d34c-4a62-8b0d-5d3efbbb19a3,5443
a2946099-197d-4625-8d2c-84941cda66d2,add,2023-05-01,ef16d4b4-7d59-4678-b45c-05e8eb6e0f72,f04f581a-d34c-4a62-8b0d-5d3efbbb19a3,5443
85327235-3eee-43a6-83db-3df53a766c38,add,2023-05-01,c6606413-32f6-48c4-bd0c-e975206ecfa6,f04f581a-d34c-4a62-8b0d-5d3efbbb19a3,5443
5cd9ced8-46e8-4b90-b0ea-b8dfd990835d,add,2023-05-01,80a38c8e-29a8-4129-9cf8-4d45b712730c,f04f581a-d34c-4a62-8b0d-5d3efbbb19a3,5443
ba24356c-6ee0-4fb8-820c-fc1ce681924d,add,2023-05-01,7b7a7362-09be-4ab1-8de1-f0241d79eb80,f04f581a-d34c-4a62-8b0d-5d3efbbb19a3,5443
da09e11a-3b6e-4094-a14a-14729ea45a79,add,2023-05-01,6355ee6d-2b7f-41ef-a572-680669f2c8e8,f04f581a-d34c-4a62-8b0d-5d3efbbb19a3,5443
d9818aed-fa9f-4fa3-be87-af62ca730c3d,add,2023-05-01,acf4d7a0-71c0-47df-816c-f329c66d204b,f04f581a-d34c-4a62-8b0d-5d3efbbb19a3,5443
7aa54050-d91e-412b-93e6-8e0a13a4b4dd,add,2023-05-01,3769fe44-8393-4fff-a46c-a8e88b86fa0a,f04f581a-d34c-4a62-8b0d-5d3efbbb19a3,5443
3ee36a54-ff1c-44a8-b0c1-3dd186b98919,add,2023-05-01,62b6642f-bab9-4187-baa2-c34c32f0da99,f04f581a-d34c-4a62-8b0d-5d3efbbb19a3,5443
7dc4335a-a7d6-4c51-9cdc-f9091775d0e7,add,2023-05-01,9cdda4fd-c9b4-45b3-8ec7-ec1551598f99,f04f581a-d34c-4a62-8b0d-5d3efbbb19a3,5443
5c42a1f9-8519-486e-8dbc-b59668c81d11,add,2023-05-01,817c7a05-6fb8-47a5-8d32-7fde6d4b4cb1,f04f581a-d34c-4a62-8b0d-5d3efbbb19a3,5443
a1452a7e-1c85-484f-a16e-2cc954c2c3ed,add,2023-05-01,41bc9ba9-2733-4772-817d-d6c5e9bf2da9,f04f581a-d34c-4a62-8b0d-5d3efbbb19a3,5443
74cd16d3-2a46-4b4f-9291-e636c5df1af0,add,2023-05-01,4c28394a-6075-48a2-931f-ecb1cff20437,f04f581a-d34c-4a62-8b0d-5d3efbbb19a3,5443
b4747beb-75c6-4294-93a6-b421ce4199bd,add,2023-05-01,3e3814ed-dd36-4f8f-a95b-c83696470c1e,f04f581a-d34c-4a62-8b0d-5d3efbbb19a3,5443
85653cd5-cc91-48c2-9450-d65026ddcdf3,add,2023-05-01,a1075b21-93bf-4250-83a2-27a2f1dfc7f7,f04f581a-d34c-4a62-8b0d-5d3efbbb19a3,5443
3eb77028-25ad-4d8d-b37a-aee620365fdd,add,2023-05-01,e23b1341-3436-4815-a65e-69f3eb8c1046,f04f581a-d34c-4a62-8b0d-5d3efbbb19a3,5443
38bb3cbd-ebb2-404c-8b4a-371703551aa7,add,2023-05-01,82f1eae4-3385-4478-a5ea-70cd428474f3,f04f581a-d34c-4a62-8b0d-5d3efbbb19a3,5443
d7d3969c-f65b-4205-a35e-a1c09c6f4bb2,add,2023-05-01,3873163d-60a2-440b-91aa-e9903ea15236,f04f581a-d34c-4a62-8b0d-5d3efbbb19a3,5443
26743d48-d695-408d-9126-ee0828bc183d,add,2023-05-01,24961180-84c7-4b60-b86d-37c01b72f9b5,f04f581a-d34c-4a62-8b0d-5d3efbbb19a3,5443
45ace214-19e0-47bd-87f6-d016fcc78044,add,2023-05-01,f017d746-ba14-4e49-b447-a3386c36c339,f04f581a-d34c-4a62-8b0d-5d3efbbb19a3,5443
eaab80c2-03da-43f4-9df7-2673de3cb3ae,add,2023-05-01,abc94438-9ef6-47a6-9647-2a4c0111fe99,f04f581a-d34c-4a62-8b0d-5d3efbbb19a3,5443
d40da19e-f206-49f6-9510-45a0c96563ab,add,2023-05-01,09b9adf2-df24-4e7b-8794-e4d923221da4,f04f581a-d34c-4a62-8b0d-5d3efbbb19a3,5443
ba153260-6088-49e9-84d8-df53419f8415,add,2023-05-01,8c6748b0-8942-4ac3-8af2-95c9732c595c,f04f581a-d34c-4a62-8b0d-5d3efbbb19a3,5443
2a328f56-1987-46ac-85bd-4a914184af96,add,2023-05-01,6ec13b00-476e-4ff1-8735-3ab79b4fb9a5,f04f581a-d34c-4a62-8b0d-5d3efbbb19a3,5443
dc9ed14b-fbb6-4765-9541-d3c86ed29d95,add,2023-05-01,9af8f6ea-f849-467f-852a-906c756939c5,f04f581a-d34c-4a62-8b0d-5d3efbbb19a3,5443
610a4067-847f-4382-9541-78eb46df79cf,add,2023-05-01,65f487a5-84e6-477b-a155-72076465193a,f04f581a-d34c-4a62-8b0d-5d3efbbb19a3,5443
0a83664d-24d2-4ae8-9c97-bd9fe9ea6ca0,add,2023-05-01,e372da76-027c-47f6-a629-7bd21120a292,f04f581a-d34c-4a62-8b0d-5d3efbbb19a3,5443
236a826c-97e8-4aa2-a4ac-d31f8069e18c,add,2023-05-01,948ac2a7-1ca1-4ac8-8d25-7c93a0f6e5b6,f04f581a-d34c-4a62-8b0d-5d3efbbb19a3,5443
4d72690b-1a03-4d96-aec0-76ad9e94880e,add,2023-05-01,0c0cc03b-31f2-43ba-b6f5-fdb2a834ca9c,f04f581a-d34c-4a62-8b0d-5d3efbbb19a3,5443
d69723da-4643-48be-9f83-cbc3c87ebdf9,add,2023-05-01,3a9fbcaf-2ad7-495c-9a65-8e2485c6d76f,f04f581a-d34c-4a62-8b0d-5d3efbbb19a3,5443
9a6ba01f-4af2-4cda-82cd-855d5b9c5587,add,2023-05-01,e7881883-ad23-45b4-9d6f-d1ab18c297d9,f04f581a-d34c-4a62-8b0d-5d3efbbb19a3,5443
1618d4d5-d425-4fb8-b9d4-73fae16b885b,add,2023-05-01,f161da6c-1ac0-4ae0-a5ac-6a2e60cf25dd,f04f581a-d34c-4a62-8b0d-5d3efbbb19a3,5443
8ba825d3-1063-4534-9c54-0cc0c25f5d9c,add,2023-05-01,dbcd1a04-4d70-4bdb-8b2a-185d6ecf5849,f04f581a-d34c-4a62-8b0d-5d3efbbb19a3,5443
441f8761-74a6-46ac-860f-d09b75c8a0f2,add,2023-05-01,f2176e41-fb91-49b8-8d38-e7e6dc426909,f04f581a-d34c-4a62-8b0d-5d3efbbb19a3,5443
71a3b2f0-079c-4625-86b9-55e1901a1c16,add,2023-05-01,74c7e86f-14d9-4ca4-85c8-02fbbdc21fec,f04f581a-d34c-4a62-8b0d-5d3efbbb19a3,5443
80d5ac03-d421-4315-b704-3fefa3ad96e3,add,2023-05-01,a7ca25f7-d17f-41ce-9f6a-f9df97c5b5d5,f04f581a-d34c-4a62-8b0d-5d3efbbb19a3,5443
89c30b84-0862-48bb-bdea-6e1d2d68e064,add,2023-05-01,ee195c95-8a17-484b-905a-e51ba97db105,f04f581a-d34c-4a62-8b0d-5d3efbbb19a3,5443
