id,char_value,int_value,animal_id,tag_id
e99db727-bf19-4c91-bd04-af88a7113aef,,0,6b25474f-866e-4efa-bbe9-ae9f50c78b4a,f04f581a-d34c-4a62-8b0d-5d3efbbb19a3
ce1b9fe2-6be0-4608-926e-40c32aadeedd,,0,5cd4959d-1f34-4ad0-9ee9-6ff829f0d823,f04f581a-d34c-4a62-8b0d-5d3efbbb19a3
29a9e50e-0bdc-4763-8fa0-d578132ff1b4,,0,6dd09559-842f-400f-b1de-3e824510afc5,f04f581a-d34c-4a62-8b0d-5d3efbbb19a3
d42a4928-2177-4145-88af-4469382f1af6,,0,dbe16846-6952-4102-bf02-b1c8c8321952,f04f581a-d34c-4a62-8b0d-5d3efbbb19a3
82424cb7-6a9e-44b6-bd69-fceae79092bb,,0,8c6748b0-8942-4ac3-8af2-95c9732c595c,f04f581a-d34c-4a62-8b0d-5d3efbbb19a3
8c713cd9-545e-4883-b2ea-1787d41ef290,,0,7ce69f8f-5ae4-40c1-80b2-d8399f1edb64,f04f581a-d34c-4a62-8b0d-5d3efbbb19a3
5c575f2b-27f4-48d8-a4e8-0015a086fc36,,0,a10906f3-e68c-4d8e-8c66-6fac44c07739,f04f581a-d34c-4a62-8b0d-5d3efbbb19a3
436ca77c-dd40-40b3-8553-3cf435a4aa97,,0,4c8610c6-8f50-4673-9e16-e74aaccd83ec,f04f581a-d34c-4a62-8b0d-5d3efbbb19a3
7d83a132-150c-4032-9a48-297cb7db46da,,0,5a9c9653-08d2-47df-b6b0-475855d5267a,f04f581a-d34c-4a62-8b0d-5d3efbbb19a3
8d6c7963-4725-46a3-80f5-f15a4bc2d1a6,,0,60abe2c3-a4a2-45a0-a1ac-6c050a23edc5,f04f581a-d34c-4a62-8b0d-5d3efbbb19a3
e5203ef1-9d40-45a4-9a47-018e35a69d3a,,0,af928aaa-59f6-4056-ab3b-f9dcd1ac3aa4,f04f581a-d34c-4a62-8b0d-5d3efbbb19a3
04c071be-408b-4368-aef2-8bc317aae9d6,,0,70924c60-c63e-4e77-a26a-78d3724cf761,f04f581a-d34c-4a62-8b0d-5d3efbbb19a3
86f036e6-ef56-49f9-94cc-f01d2efd39e7,,0,595efe9c-c095-4374-ad95-2777b5604f37,f04f581a-d34c-4a62-8b0d-5d3efbbb19a3
4fc98b8a-3298-446a-832b-fe1f34e82278,,0,e590bf7f-85cf-4979-85dc-4ec647c22bd4,f04f581a-d34c-4a62-8b0d-5d3efbbb19a3
1770a4ea-648c-4ff7-8e77-36fc5c5de512,,0,3a9fbcaf-2ad7-495c-9a65-8e2485c6d76f,f04f581a-d34c-4a62-8b0d-5d3efbbb19a3
90512042-5a8e-49d9-8f6e-c5ee60e6857f,,0,7cc80a5c-c9cd-4f94-9c03-206e273ba25e,f04f581a-d34c-4a62-8b0d-5d3efbbb19a3
9bbddf32-b15f-4316-a0c8-db092e20a141,,0,817c7a05-6fb8-47a5-8d32-7fde6d4b4cb1,f04f581a-d34c-4a62-8b0d-5d3efbbb19a3
2ee2e071-caef-4c32-b449-9242e98b69dd,,0,4c28394a-6075-48a2-931f-ecb1cff20437,f04f581a-d34c-4a62-8b0d-5d3efbbb19a3
54aea909-7137-4d6b-b887-be0709284846,,0,8cf7af38-5759-4525-aac2-96fdc0a6010d,f04f581a-d34c-4a62-8b0d-5d3efbbb19a3
a3159bfb-de91-470f-a402-4667981bae10,,0,dbcd1a04-4d70-4bdb-8b2a-185d6ecf5849,f04f581a-d34c-4a62-8b0d-5d3efbbb19a3
1214e209-7c7d-4a82-80b0-3a9a9b0da5f8,,0,ce6db7ba-255e-43f3-ba67-5fcd4ceb5db6,f04f581a-d34c-4a62-8b0d-5d3efbbb19a3
40b21a15-8230-4da7-b499-eb35114bce85,,0,3873163d-60a2-440b-91aa-e9903ea15236,f04f581a-d34c-4a62-8b0d-5d3efbbb19a3
adc2bd1b-522a-47f1-9879-a26e9fb926ea,,0,769df82a-1233-4165-9f29-f4673d49c1e6,f04f581a-d34c-4a62-8b0d-5d3efbbb19a3
4667a558-9f2a-4ad6-bcb3-e04121067177,,0,576abf73-7ebd-4b36-82cd-13dcc5ae96a2,f04f581a-d34c-4a62-8b0d-5d3efbbb19a3
258aaa06-4dc1-4d3b-96dd-521cb1678b2e,,0,09b9adf2-df24-4e7b-8794-e4d923221da4,f04f581a-d34c-4a62-8b0d-5d3efbbb19a3
36833c75-6aa3-4abf-bf96-633c60a85c30,,0,fc4288b4-5b7a-41b6-bede-bec057f584f7,f04f581a-d34c-4a62-8b0d-5d3efbbb19a3
1378d001-2f29-452c-87cf-b912162b1a5c,,0,6d2b90b8-67d7-428d-b09b-58f9a61f56eb,f04f581a-d34c-4a62-8b0d-5d3efbbb19a3
8e36ed6e-ee63-427c-afd2-783994dbc619,,0,fd5a7845-2b68-403b-b2ac-31b26a2cf779,f04f581a-d34c-4a62-8b0d-5d3efbbb19a3
bbf66444-30ca-47c8-88d2-9d25742a5413,,0,ee190171-ca2b-4a88-9a71-86024433464c,f04f581a-d34c-4a62-8b0d-5d3efbbb19a3
bc5f9b3f-af41-422b-b821-bd1d79242a11,,0,e372da76-027c-47f6-a629-7bd21120a292,f04f581a-d34c-4a62-8b0d-5d3efbbb19a3
2dd04491-2a07-4b44-9361-b20ccae53535,,0,a404061e-eb28-4c3f-9e67-13926644ca07,f04f581a-d34c-4a62-8b0d-5d3efbbb19a3
2708dc02-0680-494b-bb7b-c9c1c1b960a5,,0,e90a213d-9214-47b8-97c5-b8f6516ee30d,f04f581a-d34c-4a62-8b0d-5d3efbbb19a3
e7d44346-740d-4122-8211-bc39b5f778bb,,0,49122c85-c7e7-4c14-b789-01facd490b2b,f04f581a-d34c-4a62-8b0d-5d3efbbb19a3
8198442f-fb4e-4d53-8b91-7c89aae49607,,0,dd5a21f8-7431-4713-ae6b-7b8bf03d74e0,f04f581a-d34c-4a62-8b0d-5d3efbbb19a3
43776d49-1d4f-4701-a35a-6cd2cfa4a43f,,0,ead07cf1-8194-478d-a480-be209599e95e,f04f581a-d34c-4a62-8b0d-5d3efbbb19a3
cb96b056-6bf4-4545-88f9-1918054c8714,,0,92791ba9-9ef0-428c-8491-94a3d68cd64c,f04f581a-d34c-4a62-8b0d-5d3efbbb19a3
f670e4e7-b0b6-4b21-bdf2-c240d519e642,,0,f72c65b9-046d-4017-996c-06a1c692ad07,f04f581a-d34c-4a62-8b0d-5d3efbbb19a3
03d70663-f47e-4d9d-ac98-1989ff0e0b64,,0,3ffa7e4d-232c-4d1d-b146-90ea8aa42803,f04f581a-d34c-4a62-8b0d-5d3efbbb19a3
8e10b9f0-ab3e-436c-8572-ea4e31f20bdf,,0,a1075b21-93bf-4250-83a2-27a2f1dfc7f7,f04f581a-d34c-4a62-8b0d-5d3efbbb19a3
cdd31e42-9f0a-4ac9-ac2a-bb1dc4c8741d,,0,e23b1341-3436-4815-a65e-69f3eb8c1046,f04f581a-d34c-4a62-8b0d-5d3efbbb19a3
c83cb1bf-f7b4-4dc0-b247-22297e41aa6e,,0,a7ca25f7-d17f-41ce-9f6a-f9df97c5b5d5,f04f581a-d34c-4a62-8b0d-5d3efbbb19a3
f31fe9d5-a79d-4011-8656-80739ac214c0,,0,e145607d-f135-4900-a295-61773942a02c,f04f581a-d34c-4a62-8b0d-5d3efbbb19a3
a2637d13-f3c9-45b7-852c-3ba2564eb729,,0,18082121-85e5-4058-97cd-572766f087d5,f04f581a-d34c-4a62-8b0d-5d3efbbb19a3
953403ef-833d-47b9-b804-7513be9f37ca,,0,4b315846-1c64-455c-9121-6e27c1dc4d9e,f04f581a-d34c-4a62-8b0d-5d3efbbb19a3
6a8ff705-d084-4ce9-9dee-4070ab23a3e1,,0,3cbdf922-6d25-4a37-96de-2c76d8e27744,f04f581a-d34c-4a62-8b0d-5d3efbbb19a3
8329e6d3-ab5c-4166-bd4c-8355c1dde5ac,,0,f017d746-ba14-4e49-b447-a3386c36c339,f04f581a-d34c-4a62-8b0d-5d3efbbb19a3
c8d067de-234b-4aae-887f-c05617fe64f2,,0,abc94438-9ef6-47a6-9647-2a4c0111fe99,f04f581a-d34c-4a62-8b0d-5d3efbbb19a3
68199411-19d2-46ee-9da1-4f811c2aedf9,,0,ee6baaff-0973-4bbd-950a-25e1b8fd9ffc,f04f581a-d34c-4a62-8b0d-5d3efbbb19a3
2d2d8a6e-0a6c-4d37-9e29-972208d9dc1e,,0,66de2643-672c-42f4-aa55-0cb8af9bb980,f04f581a-d34c-4a62-8b0d-5d3efbbb19a3
b0594f93-eecf-40de-ab2d-737e10e36cff,,0,2beefdc0-2da5-4ae5-9880-8b20ff078794,f04f581a-d34c-4a62-8b0d-5d3efbbb19a3
c87fa388-727c-45fa-bea7-05f4a3ffe222,,0,d105e5cb-b6f8-4b0d-88cd-281fc47e0217,f04f581a-d34c-4a62-8b0d-5d3efbbb19a3
cc289c83-a06e-48d8-bd58-d15a79910c15,,0,6e05d9d5-6117-4125-9f4f-e822e8849b14,f04f581a-d34c-4a62-8b0d-5d3efbbb19a3
eee20980-e2ff-40f3-ba17-b8cdfbad208d,,0,ecb4d09b-7f83-4b96-9596-74e087374223,f04f581a-d34c-4a62-8b0d-5d3efbbb19a3
972cb8c2-1fe7-49b9-8d98-6ec1de112579,,0,6f4331c8-c8f0-4235-a5e9-f26b2b3cf2a5,f04f581a-d34c-4a62-8b0d-5d3efbbb19a3
6067516e-e905-4391-bb35-b7a2de90a5ad,,0,1493f341-3231-4c9c-950c-c623e9c53516,f04f581a-d34c-4a62-8b0d-5d3efbbb19a3
1bcfc247-f41f-483e-8401-d097c720749b,,0,948ac2a7-1ca1-4ac8-8d25-7c93a0f6e5b6,f04f581a-d34c-4a62-8b0d-5d3efbbb19a3
ba7e02fb-64ea-4fc5-be0a-6af58ad3b61f,,0,8359768c-46c9-42c5-83ab-58c32b1913ca,f04f581a-d34c-4a62-8b0d-5d3efbbb19a3
144b843b-7134-41fd-9a85-ce0e4769a92e,,0,429ecd7c-7c76-4a7e-8ea2-a84b6db136b4,f04f581a-d34c-4a62-8b0d-5d3efbbb19a3
a7a9eb66-a7ba-4e72-b19c-64004be766fc,,0,3e8f638b-9280-49e7-82e8-bb295905f0dd,f04f581a-d34c-4a62-8b0d-5d3efbbb19a3
0ee940a9-d193-4eb4-a679-229f4cb65abb,,0,31eac5fd-2662-4c6b-8c19-c5278b07e200,f04f581a-d34c-4a62-8b0d-5d3efbbb19a3
fb212119-1fff-42b1-ba2e-6983044c3511,,0,80a38c8e-29a8-4129-9cf8-4d45b712730c,f04f581a-d34c-4a62-8b0d-5d3efbbb19a3
d476d5fd-9c50-49a3-a228-712d85be1d51,,0,5b34f6b4-21f5-4ead-b8db-21a17ba34064,f04f581a-d34c-4a62-8b0d-5d3efbbb19a3
db624bc8-131a-4260-8940-ceb9a43a0af3,,0,6355ee6d-2b7f-41ef-a572-680669f2c8e8,f04f581a-d34c-4a62-8b0d-5d3efbbb19a3
ae39a366-619a-4387-89c9-90597665dc8a,,0,204c79ea-7f9a-443f-866f-6005b2594f18,f04f581a-d34c-4a62-8b0d-5d3efbbb19a3
50f54ecb-9d85-4591-b0de-cefe3f8df2b3,,0,10505166-001b-47f2-b1e8-cbd9f1405ff1,f04f581a-d34c-4a62-8b0d-5d3efbbb19a3
e70aaf2d-69d4-46c7-b488-ca0ad3c38534,,0,f2176e41-fb91-49b8-8d38-e7e6dc426909,f04f581a-d34c-4a62-8b0d-5d3efbbb19a3
e9afe15f-3ddb-465c-8e72-604248b603d9,,0,74c7e86f-14d9-4ca4-85c8-02fbbdc21fec,f04f581a-d34c-4a62-8b0d-5d3efbbb19a3
a5d48039-05eb-41b0-965f-e0b9719aa296,,0,73aac93a-bd7f-4e42-8843-5b6fa9356360,f04f581a-d34c-4a62-8b0d-5d3efbbb19a3
faf0521f-bcb9-4ffa-a99a-199138c878b7,,0,ee195c95-8a17-484b-905a-e51ba97db105,f04f581a-d34c-4a62-8b0d-5d3efbbb19a3
0fcccd90-c343-424d-9cdf-79fc9c344c02,,0,271c4d38-15d9-48ac-9d7c-f50f342d820e,f04f581a-d34c-4a62-8b0d-5d3efbbb19a3
77fe4bfa-c2e8-4eb3-bbf2-5eb500d86fa7,,0,94ef4975-18ad-47fc-ad00-47860bfe378d,f04f581a-d34c-4a62-8b0d-5d3efbbb19a3
ba3462d6-062d-4a79-8a04-21e5345d3480,,0,8cb7b10f-7ecd-441a-bd83-48b7551a382f,f04f581a-d34c-4a62-8b0d-5d3efbbb19a3
2b32f716-a9fa-4397-8943-3c6869889011,,0,ead78669-f157-494e-9345-a6a9d45ce623,f04f581a-d34c-4a62-8b0d-5d3efbbb19a3
b6d78d36-dfc2-4239-bbf1-ec7edbfd4826,,0,4df4bf16-ae17-462f-8f08-d54c9155eea1,f04f581a-d34c-4a62-8b0d-5d3efbbb19a3
bfc11da1-5a48-4c33-aef6-300b52eb4048,,0,86713e67-6161-41a8-95f8-f95c594dbb50,f04f581a-d34c-4a62-8b0d-5d3efbbb19a3
fe41d832-eeb2-41aa-a61d-bdba82f57337,,0,d5328262-ba23-45e6-8fb1-b7ef77d100a1,f04f581a-d34c-4a62-8b0d-5d3efbbb19a3
93790f7c-71b4-40db-8a56-20adcf9997f4,,0,ef16d4b4-7d59-4678-b45c-05e8eb6e0f72,f04f581a-d34c-4a62-8b0d-5d3efbbb19a3
75715283-30ee-4b5c-a7ed-c8dc1aaa9a3c,,0,9752003e-df4a-483c-ac38-ca254b62cb3a,f04f581a-d34c-4a62-8b0d-5d3efbbb19a3
6a3b9ee3-91da-4efd-bb48-9c54556eb83d,,0,7b7a7362-09be-4ab1-8de1-f0241d79eb80,f04f581a-d34c-4a62-8b0d-5d3efbbb19a3
10e6e9e2-30d9-4a6a-ad7a-4b03ca961b26,,0,d4275e18-239e-4fda-a44b-647e248a73e2,f04f581a-d34c-4a62-8b0d-5d3efbbb19a3
177a9a05-d915-4304-8610-b5dc85496162,,0,acf4d7a0-71c0-47df-816c-f329c66d204b,f04f581a-d34c-4a62-8b0d-5d3efbbb19a3
84964478-659f-4124-8868-abd44aaca9f6,,0,797565bb-9968-444b-9af2-9eac79ca44c6,f04f581a-d34c-4a62-8b0d-5d3efbbb19a3
75e2dfaa-31dd-4cc6-ad67-9d9bb28dbac6,,0,9a5d8d16-4004-4585-b500-3484bf8d8cd2,f04f581a-d34c-4a62-8b0d-5d3efbbb19a3
ff79f475-1c56-44f7-8556-7640af0cacc5,,0,3dde5fe3-7132-49f8-8373-deae64b515a6,f04f581a-d34c-4a62-8b0d-5d3efbbb19a3
6b5dc66b-ddef-4918-aa9a-b97cf0041656,,0,307b6a1b-c728-4bcc-acf4-136f654b4c79,f04f581a-d34c-4a62-8b0d-5d3efbbb19a3
9cea47eb-6239-43d8-a9ba-bd3939ad3248,,0,ea36d045-53e6-4411-a6ae-bd9a9ddc3678,f04f581a-d34c-4a62-8b0d-5d3efbbb19a3
b083309b-7915-40ba-b963-5cd686c2a21b,,0,204f1a14-0a08-4e81-8d01-bbd8984e47dd,f04f581a-d34c-4a62-8b0d-5d3efbbb19a3
69a6b029-c306-4115-a9e9-d4e837eedc30,,0,d135f560-fce2-4697-8472-475fa113bfa5,f04f581a-d34c-4a62-8b0d-5d3efbbb19a3
aa9ca92c-823c-40fa-afcf-646f57f6571e,,0,599b5295-1660-48f7-8b1b-61494fe7fb8f,f04f581a-d34c-4a62-8b0d-5d3efbbb19a3
3787f25d-914a-4428-b8a5-3f92c571d6b5,,0,4ffa997c-8b3e-40af-a6d4-e806b0acef59,f04f581a-d34c-4a62-8b0d-5d3efbbb19a3
63dc1c16-181d-49ef-8a2d-49ef2d51dc4c,,0,cd754558-e60b-4a7a-9aa5-4b729fb8add9,f04f581a-d34c-4a62-8b0d-5d3efbbb19a3
ed5e6055-21c7-4664-adb7-b0593021c259,,0,52986aaa-9c04-4bfa-bfa1-4f19f07681cf,f04f581a-d34c-4a62-8b0d-5d3efbbb19a3
d605c76c-0c10-48b9-b5c7-e39577c73ba7,,0,a4e4c0c0-632c-43f9-8421-8fe59205c796,f04f581a-d34c-4a62-8b0d-5d3efbbb19a3
d8b09bbf-372a-4eb7-987f-dab144b5693b,,0,417225e4-d671-486f-853e-685e0fa8c4d1,f04f581a-d34c-4a62-8b0d-5d3efbbb19a3
9a9bad3c-ba13-4cc9-a904-b06d58626fc0,,0,9af8f6ea-f849-467f-852a-906c756939c5,f04f581a-d34c-4a62-8b0d-5d3efbbb19a3
8b163e3b-746b-4264-8e06-7a6ba1372d61,,0,a080d453-0391-4fc0-a77a-0c6e2ccad31c,f04f581a-d34c-4a62-8b0d-5d3efbbb19a3
96366b0a-8cd5-4251-bbaf-3cb5cd00014e,,0,771c01c2-a602-4d4c-a343-f35d6c78ec19,f04f581a-d34c-4a62-8b0d-5d3efbbb19a3
15159db5-97d4-44b9-b86b-3f1aa1e4f5e5,,0,e96b5f3d-1e36-4ce6-b1c1-d4a0d88a8fed,f04f581a-d34c-4a62-8b0d-5d3efbbb19a3
953542f3-e25c-4a65-835d-ef41b2474971,,0,8b9c0475-b9bc-4ba3-9502-ccd88983b7eb,f04f581a-d34c-4a62-8b0d-5d3efbbb19a3
22a15513-3bdf-4393-b959-91e81bfec4e6,,0,e7881883-ad23-45b4-9d6f-d1ab18c297d9,f04f581a-d34c-4a62-8b0d-5d3efbbb19a3
3fe2a199-ef22-4e6c-8ade-8ccee1e6faa4,,0,db8e96cd-8a53-43b8-a241-6cebe548edc1,f04f581a-d34c-4a62-8b0d-5d3efbbb19a3
971bbec4-21bf-4a59-a2f6-3526540c7b4e,,0,f068c0bd-12be-4798-b721-3fecbfd6f223,f04f581a-d34c-4a62-8b0d-5d3efbbb19a3
dd2565a2-7f30-4df1-9914-4ddeb149ced3,,0,f161da6c-1ac0-4ae0-a5ac-6a2e60cf25dd,f04f581a-d34c-4a62-8b0d-5d3efbbb19a3
85ef2016-d6b6-41e6-b1f5-1565a0d7572f,,0,c26a3485-77a8-4cc6-a174-9888a89537e1,f04f581a-d34c-4a62-8b0d-5d3efbbb19a3
18241b38-def7-445e-8cd8-afd0ae234db4,,0,a3c8002c-90b9-4997-a3ec-44db850810d2,f04f581a-d34c-4a62-8b0d-5d3efbbb19a3
3fb4f745-9c4d-470b-ba64-f70f666d1dcd,,0,54e8cc83-b361-481e-a243-c7da1171c9f1,f04f581a-d34c-4a62-8b0d-5d3efbbb19a3
6e6325a2-9cd8-43f3-bdff-e36db2e62d1c,,0,5776f066-a82c-4f55-99be-d1e3be638c19,f04f581a-d34c-4a62-8b0d-5d3efbbb19a3
23651498-c03f-4af5-9c2f-bb1f0bc3f83a,,0,5f093683-cd91-483a-9d7c-0a85462dcb21,f04f581a-d34c-4a62-8b0d-5d3efbbb19a3
3888b372-69dc-4832-884e-3264e849afba,,0,41bc9ba9-2733-4772-817d-d6c5e9bf2da9,f04f581a-d34c-4a62-8b0d-5d3efbbb19a3
cad89782-37af-4588-a4c9-099843b3600e,,0,450110bf-06d1-4305-a82c-0dcdff2f8125,f04f581a-d34c-4a62-8b0d-5d3efbbb19a3
d69eeb55-5773-4254-9ad4-e54cb25a8d01,,0,b6f9888b-3cdd-4836-9eaf-8547b5545a71,f04f581a-d34c-4a62-8b0d-5d3efbbb19a3
130d0494-613d-45cb-9373-bc764e8d6004,,0,9bf75b6b-81c9-491a-92eb-117622af2596,f04f581a-d34c-4a62-8b0d-5d3efbbb19a3
0b6df092-30a2-4c53-8874-1474b4489934,,0,7f2ed266-5e35-4217-b200-c4c24f9a5b81,f04f581a-d34c-4a62-8b0d-5d3efbbb19a3
612d5fc0-978a-44a5-b700-8d423d81eb56,,0,20683aca-2a94-4fbf-aa99-4938547710ca,f04f581a-d34c-4a62-8b0d-5d3efbbb19a3
ac67d484-f3d2-4b1a-b874-b3c1fa26f770,,0,1214fada-f7ac-49f6-9fee-05ef8a6656d6,f04f581a-d34c-4a62-8b0d-5d3efbbb19a3
2ade9bad-0dc3-4a6f-9fde-730b40d17977,,0,8647de4f-acec-43b4-b80a-7d367b40d2d1,f04f581a-d34c-4a62-8b0d-5d3efbbb19a3
ef1cc29c-07bf-4d5b-9b88-1aa48d7bc3b0,,0,4bfe6032-bbe1-485e-8b29-2aa4a92ee6f1,f04f581a-d34c-4a62-8b0d-5d3efbbb19a3
c2a3e562-6a05-45dd-953d-29e46777df46,,0,ce4d4f46-2b0a-4a6e-9ab5-679659c5557a,f04f581a-d34c-4a62-8b0d-5d3efbbb19a3
e8f569db-54b5-4207-8d3a-7303a75a54f9,,0,85dba3b1-819b-4c61-b64c-9584d64f9236,f04f581a-d34c-4a62-8b0d-5d3efbbb19a3
c7d35966-c7f1-4ad2-b43a-ad614edf70db,,0,0543830f-d978-435f-a6d2-3affb01aa83c,f04f581a-d34c-4a62-8b0d-5d3efbbb19a3
01117b00-9bd0-43c7-8923-343bb15bcfe8,,0,c8e42b20-ae5c-4776-8eed-8b0bf6db4837,f04f581a-d34c-4a62-8b0d-5d3efbbb19a3
3d117f7a-5fdb-4be7-b8a9-7cea5cc9d662,,0,21d3b7c7-03e3-4738-a154-50b6eb3355c0,f04f581a-d34c-4a62-8b0d-5d3efbbb19a3
27ba4bbb-519a-4056-a95c-23e3fa762d8b,,0,affc71e8-ae23-49d1-b03c-15f85d55cb0a,f04f581a-d34c-4a62-8b0d-5d3efbbb19a3
a1bd4bc5-ec6e-459a-bf4a-13c7755b7d65,,0,de3527e5-ed46-41e0-9fb8-0166a9e21fe6,f04f581a-d34c-4a62-8b0d-5d3efbbb19a3
c9643046-4fa0-431e-a59d-9022b716c42b,,0,c6606413-32f6-48c4-bd0c-e975206ecfa6,f04f581a-d34c-4a62-8b0d-5d3efbbb19a3
ad40fba4-f70a-4103-ad39-31e6b9ca8796,,0,7f50ed19-0295-441d-be5c-b231333ed4df,f04f581a-d34c-4a62-8b0d-5d3efbbb19a3
5b1ecf63-04bb-47a9-b566-69166deb6bc0,,0,2990acf6-d45e-490e-a3c3-cf58884af2ab,f04f581a-d34c-4a62-8b0d-5d3efbbb19a3
805e4792-71c1-4a98-b878-9877dd4b2459,,0,62b6642f-bab9-4187-baa2-c34c32f0da99,f04f581a-d34c-4a62-8b0d-5d3efbbb19a3
6267b580-eb4d-45c6-b647-153286951345,,0,94e6e067-695a-4884-b9f2-ccd1b6d78a72,f04f581a-d34c-4a62-8b0d-5d3efbbb19a3
7582ec4f-0bdd-4dd7-abc4-435e44e78d57,,0,75b8502a-448c-4253-8ac7-12128953c367,f04f581a-d34c-4a62-8b0d-5d3efbbb19a3
f6e03946-b654-4fd3-ba0a-ed7e79dc2afb,,0,7d499dfe-a781-423e-b384-770d65785fe4,f04f581a-d34c-4a62-8b0d-5d3efbbb19a3
2576eafa-c5d9-4e7a-8177-cd86db8c9281,,0,9cdda4fd-c9b4-45b3-8ec7-ec1551598f99,f04f581a-d34c-4a62-8b0d-5d3efbbb19a3
12e1c7ae-47bd-44d2-9e91-8b406904ccc6,,0,10675540-984d-4638-a65f-c875e78dd191,f04f581a-d34c-4a62-8b0d-5d3efbbb19a3
93faa181-9a41-4614-89cd-6664be778b13,,0,8f32d77c-b2e8-4b8a-9bcc-9fc078370e3f,f04f581a-d34c-4a62-8b0d-5d3efbbb19a3
2f4d8109-75ca-49c8-a3ad-2a646aa99ed8,,0,10fc5193-b249-4c70-9526-c316b8991d10,f04f581a-d34c-4a62-8b0d-5d3efbbb19a3
eb248d18-39ef-4956-8794-72a13e794c3d,,0,5b692764-0f74-40af-8f63-279d4d99a4f7,f04f581a-d34c-4a62-8b0d-5d3efbbb19a3
c9e431bb-fcd9-484a-846e-8c88b6f3a404,,0,7a6f5768-be48-4a27-a956-c1582edef8bd,f04f581a-d34c-4a62-8b0d-5d3efbbb19a3
911956cb-20bc-4478-becb-383347d8d663,,0,aaef8b89-3f92-4e01-af76-a83fcecfe24d,f04f581a-d34c-4a62-8b0d-5d3efbbb19a3
e066e2b5-02ad-437a-b81f-141b60340c3a,,0,bd6b975e-0547-43f2-9e62-c8459e257806,f04f581a-d34c-4a62-8b0d-5d3efbbb19a3
d31e500d-989f-4e05-b84b-17896a1b2a9d,,0,b036f307-872d-442c-b59b-a9ff98733ced,f04f581a-d34c-4a62-8b0d-5d3efbbb19a3
4cd08058-647f-4c14-a168-b21334097a31,,0,d87278e0-1e2b-4a28-8d73-9af8b7303792,f04f581a-d34c-4a62-8b0d-5d3efbbb19a3
a489898f-bcba-406a-a877-f92eecb9c77f,,0,22a008b4-b9bd-45de-a1e6-3c3f9d0d67a1,f04f581a-d34c-4a62-8b0d-5d3efbbb19a3
22a7b49f-db8b-429d-a2e2-95e52f913408,,0,b299fe63-d3b1-4679-9697-3f264bd6a42f,f04f581a-d34c-4a62-8b0d-5d3efbbb19a3
3267b246-f9d1-45da-9575-b7986781be26,,0,65f487a5-84e6-477b-a155-72076465193a,f04f581a-d34c-4a62-8b0d-5d3efbbb19a3
bdd2a7d9-7f90-46a0-91af-db51397df5f1,,0,b8fef6d0-3114-4471-8203-fe0b324cf97b,f04f581a-d34c-4a62-8b0d-5d3efbbb19a3
64dfc43f-c1c5-4fba-bc78-7a65d18e4d96,,0,5827ff23-bbd1-48c7-a099-84122d168ac7,f04f581a-d34c-4a62-8b0d-5d3efbbb19a3
8b384298-6b93-4426-bc96-a4c8f97e8b81,,0,4deda364-678c-48ea-829a-a5c262f8083a,f04f581a-d34c-4a62-8b0d-5d3efbbb19a3
b69ac859-3ac1-40f3-8437-bc1790c32bc7,,0,2cc23a10-8a6c-4815-81e9-5c71c7a77914,f04f581a-d34c-4a62-8b0d-5d3efbbb19a3
0ae5a911-976c-4982-b56d-ffc89bc4d9e8,,0,848faff4-2437-43e4-b4ff-cd23fc286d2b,f04f581a-d34c-4a62-8b0d-5d3efbbb19a3
3f7a93a8-09b5-4e25-b1fe-6600ccd807b3,,0,da54e5a2-fbfb-4b1d-8ec7-c4d5f6ed26ed,f04f581a-d34c-4a62-8b0d-5d3efbbb19a3
4a562517-736c-4e23-a98c-c09ae8b11828,,0,3f5016c5-dcc8-4703-9591-0a49ceeb8e42,f04f581a-d34c-4a62-8b0d-5d3efbbb19a3
878ce941-dd02-4973-95b8-fc8c5d9260f7,,0,9b006116-8236-457d-871d-e3f3c3130322,f04f581a-d34c-4a62-8b0d-5d3efbbb19a3
8b8ffbf9-caf1-4460-b926-ca51bb830797,,0,3e3814ed-dd36-4f8f-a95b-c83696470c1e,f04f581a-d34c-4a62-8b0d-5d3efbbb19a3
ac91ee30-42dc-4cb7-acd2-f86c98373936,,0,dfe4916e-fbf0-4218-9227-3c1b173154e7,f04f581a-d34c-4a62-8b0d-5d3efbbb19a3
dec9194d-b373-42ef-ae7b-738ccd04600b,,0,c15bb521-f9e0-441f-aa0a-477371816bd4,f04f581a-d34c-4a62-8b0d-5d3efbbb19a3
2f2b8f9c-1272-43e0-80c9-07f24f6658d7,,0,30af59e6-1ced-4d0b-82af-c1b2c3b8562b,f04f581a-d34c-4a62-8b0d-5d3efbbb19a3
fc78eed2-4e41-4763-97fe-ae51500e7764,,0,f28c4440-3b18-4b5e-aa84-6d1c706b75bb,f04f581a-d34c-4a62-8b0d-5d3efbbb19a3
94cf0d08-d508-4bf5-ad8a-879cd8e049ab,,0,711324dc-fdd4-4676-ad01-cdf72761afeb,f04f581a-d34c-4a62-8b0d-5d3efbbb19a3
8bd898ff-81f6-4c75-8e11-2a0b397b4e5f,,0,f7100a7e-adb5-4969-b1d3-c0a7dfd6e2b0,f04f581a-d34c-4a62-8b0d-5d3efbbb19a3
3a4705f3-371d-4be9-ab2a-c43a5caf9a43,,0,a696591b-d1de-4f1e-bfdf-9d68a0d691cb,f04f581a-d34c-4a62-8b0d-5d3efbbb19a3
af3f12d1-a0f8-44b7-8f20-2e33c6e3b212,,0,47d0b5d2-80dc-49ef-b8e6-a69628b876d3,f04f581a-d34c-4a62-8b0d-5d3efbbb19a3
694750f1-abde-47af-bc51-9c3f0475475c,,0,468d9197-2e40-46dd-854d-47353c0a66af,f04f581a-d34c-4a62-8b0d-5d3efbbb19a3
7874617e-fd4a-4ee6-a31c-75a42711107c,,0,9a9b9363-b686-4e83-98f9-b10345d17857,f04f581a-d34c-4a62-8b0d-5d3efbbb19a3
86d9941d-2c84-46fe-a224-bc5881800653,,0,65abafdc-a9b7-4f94-83ec-4bb255e44ec1,f04f581a-d34c-4a62-8b0d-5d3efbbb19a3
c3f86ef3-1807-461a-bbab-0e775d9507d3,,0,6ec13b00-476e-4ff1-8735-3ab79b4fb9a5,f04f581a-d34c-4a62-8b0d-5d3efbbb19a3
8df6c778-a8cc-4823-960a-9d0b68c1615d,,0,c053432e-39c6-432c-b00a-701ea8574551,f04f581a-d34c-4a62-8b0d-5d3efbbb19a3
5582c4b1-d77d-46ed-bc54-9b2ebcb42157,,0,a735fec1-1d34-456a-b46a-db3893f104db,f04f581a-d34c-4a62-8b0d-5d3efbbb19a3
8ddcaf1c-c6c4-49aa-8e15-6f484aae536e,,0,e3824554-5f89-43a0-96ca-e64b62e6143b,f04f581a-d34c-4a62-8b0d-5d3efbbb19a3
15db35b1-0548-4459-b839-b40b4e9da5c6,,0,0c0cc03b-31f2-43ba-b6f5-fdb2a834ca9c,f04f581a-d34c-4a62-8b0d-5d3efbbb19a3
36a28e6b-6c93-4282-9832-6780287eaac4,,0,366a60c1-30e1-4940-bf1d-c16f4fe91684,f04f581a-d34c-4a62-8b0d-5d3efbbb19a3
de52a914-16e6-4652-a9a8-da5752a37a66,,0,c415e974-0993-4a38-af16-caf9c7330113,f04f581a-d34c-4a62-8b0d-5d3efbbb19a3
1a566e4a-3afb-4a88-9d50-5051d3f817ae,,0,96b9f38e-c600-4cc4-ae8b-025b579bb6af,f04f581a-d34c-4a62-8b0d-5d3efbbb19a3
1a915d00-574e-4721-b140-6599482074ba,,0,04f40950-8f7b-4a22-a185-b632991f5d1a,f04f581a-d34c-4a62-8b0d-5d3efbbb19a3
d2041be7-c6ed-4ea0-8047-22b131c7d756,,0,3769fe44-8393-4fff-a46c-a8e88b86fa0a,f04f581a-d34c-4a62-8b0d-5d3efbbb19a3
1aebf8c7-8c38-4f0b-a80a-495830b9a03f,,0,534fbf9d-f759-4dbf-be3d-7fae26224280,f04f581a-d34c-4a62-8b0d-5d3efbbb19a3
0302bbe9-8f95-4371-bf58-b3a9abf0e51b,,0,a10fd2a0-c2de-43e9-b168-f9f1dd50e9a3,f04f581a-d34c-4a62-8b0d-5d3efbbb19a3
cf5fa07e-7017-4517-a5c3-f616674168c6,,0,4bf63f47-bd63-4c0c-a826-0028fa35bed7,f04f581a-d34c-4a62-8b0d-5d3efbbb19a3
e41179ac-8b2d-4166-aeb6-a637eddb42e7,,0,c794a9a4-3712-45b8-9e13-539e9cc461f8,f04f581a-d34c-4a62-8b0d-5d3efbbb19a3
0be4219e-e3ab-4a9f-b833-b23802c63e51,,0,82f1eae4-3385-4478-a5ea-70cd428474f3,f04f581a-d34c-4a62-8b0d-5d3efbbb19a3
775b9461-46cf-4903-ab35-bec41355d3ac,,0,7657550f-b2af-46c9-a2d2-e500b8137e6e,f04f581a-d34c-4a62-8b0d-5d3efbbb19a3
e73fd7be-4997-443c-9882-30855862de7c,,0,24961180-84c7-4b60-b86d-37c01b72f9b5,f04f581a-d34c-4a62-8b0d-5d3efbbb19a3
