id,animal_id,animalbreed_id,percentage
799805,d56949c4-7ddd-40d5-ac83-72c1ee1758a8,8b4d520a-49da-4ae7-ae4c-5f1f4d5280b8,
799806,b68c59df-2d74-49a4-a9cb-61c32cf270cb,8b4d520a-49da-4ae7-ae4c-5f1f4d5280b8,
800404,307b42c4-ba6f-4361-9511-29ebce090e25,8b4d520a-49da-4ae7-ae4c-5f1f4d5280b8,
805367,be6d306d-84ab-4001-92a0-c897d854a8f1,8b4d520a-49da-4ae7-ae4c-5f1f4d5280b8,
805805,d2bba77c-7341-4e41-9de4-2ea193187c34,8b4d520a-49da-4ae7-ae4c-5f1f4d5280b8,
805806,370783c9-c93e-4b72-bfc1-f0d1bbd945eb,d2008d26-de1f-4245-814f-02faa73eaca6,
805810,91dd3476-7025-493d-a610-4ed6c92964a9,8b4d520a-49da-4ae7-ae4c-5f1f4d5280b8,
808862,ca8515ba-7d98-494f-a881-36b12d7feadc,8b4d520a-49da-4ae7-ae4c-5f1f4d5280b8,
817156,114a1804-b167-4533-b5d2-5733591ce5db,d2008d26-de1f-4245-814f-02faa73eaca6,
823539,af1b5547-74c7-48f2-b2d9-444d0d956251,8b4d520a-49da-4ae7-ae4c-5f1f4d5280b8,
654319,429ecd7c-7c76-4a7e-8ea2-a84b6db136b4,8b4d520a-49da-4ae7-ae4c-5f1f4d5280b8,
654326,86713e67-6161-41a8-95f8-f95c594dbb50,8b4d520a-49da-4ae7-ae4c-5f1f4d5280b8,
654328,9af8f6ea-f849-467f-852a-906c756939c5,8b4d520a-49da-4ae7-ae4c-5f1f4d5280b8,
654336,ee190171-ca2b-4a88-9a71-86024433464c,8b4d520a-49da-4ae7-ae4c-5f1f4d5280b8,
654343,366a60c1-30e1-4940-bf1d-c16f4fe91684,8b4d520a-49da-4ae7-ae4c-5f1f4d5280b8,
654344,66de2643-672c-42f4-aa55-0cb8af9bb980,8b4d520a-49da-4ae7-ae4c-5f1f4d5280b8,
654363,d5328262-ba23-45e6-8fb1-b7ef77d100a1,8b4d520a-49da-4ae7-ae4c-5f1f4d5280b8,
654365,4bfe6032-bbe1-485e-8b29-2aa4a92ee6f1,8b4d520a-49da-4ae7-ae4c-5f1f4d5280b8,
654374,a3c8002c-90b9-4997-a3ec-44db850810d2,8b4d520a-49da-4ae7-ae4c-5f1f4d5280b8,
654377,6e05d9d5-6117-4125-9f4f-e822e8849b14,8b4d520a-49da-4ae7-ae4c-5f1f4d5280b8,
654379,fd5a7845-2b68-403b-b2ac-31b26a2cf779,8b4d520a-49da-4ae7-ae4c-5f1f4d5280b8,
654384,c8e42b20-ae5c-4776-8eed-8b0bf6db4837,8b4d520a-49da-4ae7-ae4c-5f1f4d5280b8,
654391,31eac5fd-2662-4c6b-8c19-c5278b07e200,8b4d520a-49da-4ae7-ae4c-5f1f4d5280b8,
654392,8cb7b10f-7ecd-441a-bd83-48b7551a382f,8b4d520a-49da-4ae7-ae4c-5f1f4d5280b8,
678484,084fae05-8529-425c-a66c-7e76958b9ebf,3817382b-15c9-4d65-b4dc-8faa96141dee,
678485,480862f2-feb0-49b0-9497-5537f0dc2e43,3817382b-15c9-4d65-b4dc-8faa96141dee,
678491,4d644097-211d-4078-9e08-8d6ff60dc5fd,3817382b-15c9-4d65-b4dc-8faa96141dee,
678495,0c2cbea2-9b54-48b6-a255-46a526300542,8b4d520a-49da-4ae7-ae4c-5f1f4d5280b8,
678496,e16ffb1b-58ea-448d-bdd5-b6031b803ad2,8b4d520a-49da-4ae7-ae4c-5f1f4d5280b8,
678511,e55cdd80-0e6c-4cbe-8faf-d693065d9df1,8b4d520a-49da-4ae7-ae4c-5f1f4d5280b8,
678512,996a3ccd-02bb-4217-867d-2e01f8beb862,8b4d520a-49da-4ae7-ae4c-5f1f4d5280b8,
678518,8f780568-89e4-445b-a650-d63a53796cb1,8b4d520a-49da-4ae7-ae4c-5f1f4d5280b8,
678521,01352e7e-94c0-4a2d-95fc-5e15de2bcc6d,8b4d520a-49da-4ae7-ae4c-5f1f4d5280b8,
678528,95bda01a-68a3-4e83-bf41-7061aa9380de,8b4d520a-49da-4ae7-ae4c-5f1f4d5280b8,
678534,c561c12b-7be1-4fcf-9413-5b26cb590f59,8b4d520a-49da-4ae7-ae4c-5f1f4d5280b8,
678541,2b8f33e6-c262-4e13-89a5-ad6f60c10e4b,8b4d520a-49da-4ae7-ae4c-5f1f4d5280b8,
678565,6a72e8a9-243f-4aaf-b84c-7bfffae2e6f4,93ffdc00-3112-4940-8a8d-7095df2b12ce,
678571,adffde2c-6d40-443f-9e37-97a99f214c57,93ffdc00-3112-4940-8a8d-7095df2b12ce,
678592,54075dd7-1e64-4dc5-adbf-ca9b1721c08d,93ffdc00-3112-4940-8a8d-7095df2b12ce,
678605,18f97093-31a0-40be-930b-b9c9065e908f,93ffdc00-3112-4940-8a8d-7095df2b12ce,
678612,70c47b6e-be9e-4621-8043-39f473c80abf,93ffdc00-3112-4940-8a8d-7095df2b12ce,
678615,76bd650b-ee38-480f-adbf-158e59b02bbc,93ffdc00-3112-4940-8a8d-7095df2b12ce,
678622,fdb1ce61-da53-4554-836e-b54360cc188f,93ffdc00-3112-4940-8a8d-7095df2b12ce,
678627,9d0a4414-f0cd-417a-b806-3718101636e0,8b4d520a-49da-4ae7-ae4c-5f1f4d5280b8,
678632,839129a2-d71f-4d4b-a945-5990579a7ed9,93ffdc00-3112-4940-8a8d-7095df2b12ce,
678634,98665798-dd78-4998-895f-085627726723,8b4d520a-49da-4ae7-ae4c-5f1f4d5280b8,
678636,66efe458-3762-40f8-a87b-9030804e95ae,93ffdc00-3112-4940-8a8d-7095df2b12ce,
678642,514a09a0-717a-4891-97c9-d8fffd0163ce,93ffdc00-3112-4940-8a8d-7095df2b12ce,
678651,7e8ee97b-b223-477a-84a9-baef1a5fdb03,93ffdc00-3112-4940-8a8d-7095df2b12ce,
678652,f4dfe99b-1e2d-40ba-ba45-126c7aab45a0,93ffdc00-3112-4940-8a8d-7095df2b12ce,
678667,b046a593-a952-4b95-af2e-78c94e77e3d6,93ffdc00-3112-4940-8a8d-7095df2b12ce,
678676,77a8fede-fe53-4197-a802-58c5ebf0708d,93ffdc00-3112-4940-8a8d-7095df2b12ce,
678679,267387f8-faea-4f92-b0e4-8de10af42b56,93ffdc00-3112-4940-8a8d-7095df2b12ce,
678683,cb6a6373-bd11-40a6-885b-bb4008c5f928,8b4d520a-49da-4ae7-ae4c-5f1f4d5280b8,
375417,da54e5a2-fbfb-4b1d-8ec7-c4d5f6ed26ed,8b4d520a-49da-4ae7-ae4c-5f1f4d5280b8,
375420,10fc5193-b249-4c70-9526-c316b8991d10,8b4d520a-49da-4ae7-ae4c-5f1f4d5280b8,
375431,f2176e41-fb91-49b8-8d38-e7e6dc426909,8b4d520a-49da-4ae7-ae4c-5f1f4d5280b8,
375460,5f093683-cd91-483a-9d7c-0a85462dcb21,8b4d520a-49da-4ae7-ae4c-5f1f4d5280b8,
375462,73aac93a-bd7f-4e42-8843-5b6fa9356360,8b4d520a-49da-4ae7-ae4c-5f1f4d5280b8,
375470,3ffa7e4d-232c-4d1d-b146-90ea8aa42803,8b4d520a-49da-4ae7-ae4c-5f1f4d5280b8,
375472,36464cde-376e-4905-8e6e-2b9f5b50f6ac,8b4d520a-49da-4ae7-ae4c-5f1f4d5280b8,
375474,41bc9ba9-2733-4772-817d-d6c5e9bf2da9,8b4d520a-49da-4ae7-ae4c-5f1f4d5280b8,
375475,71576c82-e36a-4689-88ed-a32ce75cdf7b,8b4d520a-49da-4ae7-ae4c-5f1f4d5280b8,
375486,10505166-001b-47f2-b1e8-cbd9f1405ff1,8b4d520a-49da-4ae7-ae4c-5f1f4d5280b8,
375488,c15bb521-f9e0-441f-aa0a-477371816bd4,8b4d520a-49da-4ae7-ae4c-5f1f4d5280b8,
375492,7f2ed266-5e35-4217-b200-c4c24f9a5b81,8b4d520a-49da-4ae7-ae4c-5f1f4d5280b8,
375496,20683aca-2a94-4fbf-aa99-4938547710ca,8b4d520a-49da-4ae7-ae4c-5f1f4d5280b8,
375509,3f0f81b1-2459-4fa3-954b-08cbda4f0c9c,cda9e4c8-f2a8-4001-a4ea-2532b8d8637d,
375522,e21ebd7c-194f-4c30-8309-3b859da8e8ff,cda9e4c8-f2a8-4001-a4ea-2532b8d8637d,
375534,1214fada-f7ac-49f6-9fee-05ef8a6656d6,8b4d520a-49da-4ae7-ae4c-5f1f4d5280b8,
375537,25de4b95-2102-48b0-94f2-e559a3315bb9,8b4d520a-49da-4ae7-ae4c-5f1f4d5280b8,
375555,ecb127fd-6380-42bb-8622-d9815649ef65,8b4d520a-49da-4ae7-ae4c-5f1f4d5280b8,
805365,5ff806ec-bba9-4105-a67b-132dab6ce8b4,8b4d520a-49da-4ae7-ae4c-5f1f4d5280b8,
805366,08f077b9-991b-4339-988e-0bb241b91dcc,8b4d520a-49da-4ae7-ae4c-5f1f4d5280b8,
805368,2d547d66-b293-45b0-8dee-cf7e72a7add9,8b4d520a-49da-4ae7-ae4c-5f1f4d5280b8,
805370,9e810985-cab7-43af-ab09-ff946d35d20d,d2008d26-de1f-4245-814f-02faa73eaca6,
805376,54cf06ec-84b3-4cdd-a7c8-e6639a634855,8b4d520a-49da-4ae7-ae4c-5f1f4d5280b8,
805807,5cf1201c-d802-4556-9645-98a26e96f750,8b4d520a-49da-4ae7-ae4c-5f1f4d5280b8,
807411,5de7ab3a-4bbf-4892-9709-37b7dd0e3492,8b4d520a-49da-4ae7-ae4c-5f1f4d5280b8,
807414,024da722-c25d-4e61-8743-02e2d42cfa2d,8b4d520a-49da-4ae7-ae4c-5f1f4d5280b8,
654315,f068c0bd-12be-4798-b721-3fecbfd6f223,8b4d520a-49da-4ae7-ae4c-5f1f4d5280b8,
654321,a10906f3-e68c-4d8e-8c66-6fac44c07739,8b4d520a-49da-4ae7-ae4c-5f1f4d5280b8,
654329,a404061e-eb28-4c3f-9e67-13926644ca07,8b4d520a-49da-4ae7-ae4c-5f1f4d5280b8,
654341,8b9c0475-b9bc-4ba3-9502-ccd88983b7eb,8b4d520a-49da-4ae7-ae4c-5f1f4d5280b8,
654360,49122c85-c7e7-4c14-b789-01facd490b2b,8b4d520a-49da-4ae7-ae4c-5f1f4d5280b8,
654361,848faff4-2437-43e4-b4ff-cd23fc286d2b,8b4d520a-49da-4ae7-ae4c-5f1f4d5280b8,
654372,a080d453-0391-4fc0-a77a-0c6e2ccad31c,8b4d520a-49da-4ae7-ae4c-5f1f4d5280b8,
654386,e96b5f3d-1e36-4ce6-b1c1-d4a0d88a8fed,8b4d520a-49da-4ae7-ae4c-5f1f4d5280b8,
654388,6355ee6d-2b7f-41ef-a572-680669f2c8e8,8b4d520a-49da-4ae7-ae4c-5f1f4d5280b8,
654394,ead07cf1-8194-478d-a480-be209599e95e,8b4d520a-49da-4ae7-ae4c-5f1f4d5280b8,
654399,af928aaa-59f6-4056-ab3b-f9dcd1ac3aa4,8b4d520a-49da-4ae7-ae4c-5f1f4d5280b8,
657398,6ec13b00-476e-4ff1-8735-3ab79b4fb9a5,8b4d520a-49da-4ae7-ae4c-5f1f4d5280b8,
678504,f3577960-7921-4e1d-9ff1-35d915217dce,8b4d520a-49da-4ae7-ae4c-5f1f4d5280b8,
678508,fffd1f96-ac35-48d5-8fba-2abf682c23a2,8b4d520a-49da-4ae7-ae4c-5f1f4d5280b8,
678517,c5363393-d5e9-4872-a524-8ccced4cb9f0,8b4d520a-49da-4ae7-ae4c-5f1f4d5280b8,
678522,609bb931-fb2f-4236-9be4-dde6f6061aa5,93ffdc00-3112-4940-8a8d-7095df2b12ce,
678525,77068f6c-24b7-4f43-811a-8c868027d248,8b4d520a-49da-4ae7-ae4c-5f1f4d5280b8,
678530,a3577a2e-e93d-42b6-b9eb-da20de3bf45a,8b4d520a-49da-4ae7-ae4c-5f1f4d5280b8,
678539,cf715f17-5105-48e1-a01a-a6bf60377258,8b4d520a-49da-4ae7-ae4c-5f1f4d5280b8,
678548,fa0b5f4f-42aa-486e-9edc-296fe52ae400,93ffdc00-3112-4940-8a8d-7095df2b12ce,
678550,4f15ba63-564a-49b5-bd06-187bca782273,8b4d520a-49da-4ae7-ae4c-5f1f4d5280b8,
678552,fedd8594-29e8-493a-a8db-9274a69d641e,93ffdc00-3112-4940-8a8d-7095df2b12ce,
678569,888c2139-771a-470e-a2ba-97ab06263b60,93ffdc00-3112-4940-8a8d-7095df2b12ce,
678601,cfe0f2c9-857b-400b-89b1-975b4a17a45d,93ffdc00-3112-4940-8a8d-7095df2b12ce,
678609,285cade1-158a-4875-8602-002fd7bfc4b6,93ffdc00-3112-4940-8a8d-7095df2b12ce,
678620,817b566c-d929-4166-97f3-b4131f9a439e,93ffdc00-3112-4940-8a8d-7095df2b12ce,
678629,54e2440f-5c63-4799-9c34-64ebd8412f6d,93ffdc00-3112-4940-8a8d-7095df2b12ce,
678631,9802cabc-4f24-4452-9029-d5bc8f5ee7f7,93ffdc00-3112-4940-8a8d-7095df2b12ce,
678635,32be6f70-14db-461a-9352-928509cc94c4,93ffdc00-3112-4940-8a8d-7095df2b12ce,
678639,74927492-8cbb-4407-bdb9-f0925032cf04,93ffdc00-3112-4940-8a8d-7095df2b12ce,
678645,c6b54f25-d981-48ec-9688-e054cc3247a6,8b4d520a-49da-4ae7-ae4c-5f1f4d5280b8,
678647,9e7e0ecf-f0af-4557-9f88-53ea88c7b0ee,93ffdc00-3112-4940-8a8d-7095df2b12ce,
678653,c1487d4c-d260-4505-94c5-612aa52b3b88,8b4d520a-49da-4ae7-ae4c-5f1f4d5280b8,
678654,81d6091a-fb13-4559-a689-bb34b89045e7,8b4d520a-49da-4ae7-ae4c-5f1f4d5280b8,
678673,5902ff4e-3a0a-4272-84cf-c15cf171b168,8b4d520a-49da-4ae7-ae4c-5f1f4d5280b8,
678677,c9cfd07f-691c-44f9-a79d-4baf6c9bb7a8,8b4d520a-49da-4ae7-ae4c-5f1f4d5280b8,
678681,673445b1-ea79-4273-ae66-04118847238c,93ffdc00-3112-4940-8a8d-7095df2b12ce,
726851,344288e3-285e-457c-85f6-b89ad642fb40,93ffdc00-3112-4940-8a8d-7095df2b12ce,
375413,30af59e6-1ced-4d0b-82af-c1b2c3b8562b,8b4d520a-49da-4ae7-ae4c-5f1f4d5280b8,
375418,3dde5fe3-7132-49f8-8373-deae64b515a6,8b4d520a-49da-4ae7-ae4c-5f1f4d5280b8,
375446,95e09ba6-f69a-4909-bce0-2b5920286336,8b4d520a-49da-4ae7-ae4c-5f1f4d5280b8,
375454,772e9de5-97ee-40e8-a68a-bea8a93d162b,8b4d520a-49da-4ae7-ae4c-5f1f4d5280b8,
375455,4bf63f47-bd63-4c0c-a826-0028fa35bed7,8b4d520a-49da-4ae7-ae4c-5f1f4d5280b8,
375464,450110bf-06d1-4305-a82c-0dcdff2f8125,8b4d520a-49da-4ae7-ae4c-5f1f4d5280b8,
375468,9b006116-8236-457d-871d-e3f3c3130322,8b4d520a-49da-4ae7-ae4c-5f1f4d5280b8,
375469,8f32d77c-b2e8-4b8a-9bcc-9fc078370e3f,8b4d520a-49da-4ae7-ae4c-5f1f4d5280b8,
375471,fe232bf8-1697-4993-9c1f-daab57c10edf,8b4d520a-49da-4ae7-ae4c-5f1f4d5280b8,
375494,8e899911-5d88-4ff5-bf15-7f86902cbdc3,8b4d520a-49da-4ae7-ae4c-5f1f4d5280b8,
375506,41d0e4b4-4f8b-4b75-9fc5-0d795b99d606,8b4d520a-49da-4ae7-ae4c-5f1f4d5280b8,
375507,100df59b-ccad-4d8e-903d-1734692290b9,8b4d520a-49da-4ae7-ae4c-5f1f4d5280b8,
375529,a830501a-010d-4f33-be76-9e420b4b8cba,8b4d520a-49da-4ae7-ae4c-5f1f4d5280b8,
375532,cc97acc9-d5e1-4c95-bca4-d9f54745241b,8b4d520a-49da-4ae7-ae4c-5f1f4d5280b8,
375540,26781a67-e991-479c-948a-3ac8ed7c0c70,8b4d520a-49da-4ae7-ae4c-5f1f4d5280b8,
375547,3cbdf922-6d25-4a37-96de-2c76d8e27744,8b4d520a-49da-4ae7-ae4c-5f1f4d5280b8,
375558,1979ed3c-5f0a-434b-915d-2eab9ada0d43,8b4d520a-49da-4ae7-ae4c-5f1f4d5280b8,
805372,e0bc14ed-8f14-4403-bd13-5097c0f57c10,8b4d520a-49da-4ae7-ae4c-5f1f4d5280b8,
805808,a0417cdc-1cdc-4d93-9ac5-f7bc220e99a2,8b4d520a-49da-4ae7-ae4c-5f1f4d5280b8,
807412,999a6c2a-72bf-4e4e-a8ba-1c01f61a2698,8b4d520a-49da-4ae7-ae4c-5f1f4d5280b8,
807413,8958cdf4-8485-46e8-9bfe-e3a0fedfd9c6,8b4d520a-49da-4ae7-ae4c-5f1f4d5280b8,
808860,46254ee9-2052-46fb-b70f-8553039d2053,8b4d520a-49da-4ae7-ae4c-5f1f4d5280b8,
810600,6ebafd82-1b4b-4a1c-bca5-7fda9135a7bd,8b4d520a-49da-4ae7-ae4c-5f1f4d5280b8,
811824,a407a7ff-212f-4c87-bd88-c16d041dd8b0,8b4d520a-49da-4ae7-ae4c-5f1f4d5280b8,
817157,94090340-8427-4771-8ce4-a9554325ff9c,8b4d520a-49da-4ae7-ae4c-5f1f4d5280b8,
654312,7ce69f8f-5ae4-40c1-80b2-d8399f1edb64,8b4d520a-49da-4ae7-ae4c-5f1f4d5280b8,
654313,6f4331c8-c8f0-4235-a5e9-f26b2b3cf2a5,8b4d520a-49da-4ae7-ae4c-5f1f4d5280b8,
654320,4ffa997c-8b3e-40af-a6d4-e806b0acef59,8b4d520a-49da-4ae7-ae4c-5f1f4d5280b8,
654322,4deda364-678c-48ea-829a-a5c262f8083a,8b4d520a-49da-4ae7-ae4c-5f1f4d5280b8,
654325,595efe9c-c095-4374-ad95-2777b5604f37,8b4d520a-49da-4ae7-ae4c-5f1f4d5280b8,
654332,1493f341-3231-4c9c-950c-c623e9c53516,8b4d520a-49da-4ae7-ae4c-5f1f4d5280b8,
654353,c26a3485-77a8-4cc6-a174-9888a89537e1,8b4d520a-49da-4ae7-ae4c-5f1f4d5280b8,
654354,5a9c9653-08d2-47df-b6b0-475855d5267a,8b4d520a-49da-4ae7-ae4c-5f1f4d5280b8,
654356,a4e4c0c0-632c-43f9-8421-8fe59205c796,8b4d520a-49da-4ae7-ae4c-5f1f4d5280b8,
654358,80a38c8e-29a8-4129-9cf8-4d45b712730c,8b4d520a-49da-4ae7-ae4c-5f1f4d5280b8,
654362,65f487a5-84e6-477b-a155-72076465193a,8b4d520a-49da-4ae7-ae4c-5f1f4d5280b8,
654364,7f50ed19-0295-441d-be5c-b231333ed4df,8b4d520a-49da-4ae7-ae4c-5f1f4d5280b8,
654367,e7881883-ad23-45b4-9d6f-d1ab18c297d9,8b4d520a-49da-4ae7-ae4c-5f1f4d5280b8,
654380,ecb4d09b-7f83-4b96-9596-74e087374223,8b4d520a-49da-4ae7-ae4c-5f1f4d5280b8,
654387,2cc23a10-8a6c-4815-81e9-5c71c7a77914,8b4d520a-49da-4ae7-ae4c-5f1f4d5280b8,
654389,21d3b7c7-03e3-4738-a154-50b6eb3355c0,8b4d520a-49da-4ae7-ae4c-5f1f4d5280b8,
654396,04f40950-8f7b-4a22-a185-b632991f5d1a,8b4d520a-49da-4ae7-ae4c-5f1f4d5280b8,
678507,eea8cd85-dc45-4ecb-a34f-cacaef14c06d,8b4d520a-49da-4ae7-ae4c-5f1f4d5280b8,
678513,6e4902df-479d-4ff3-9275-17372a9bc576,8b4d520a-49da-4ae7-ae4c-5f1f4d5280b8,
678520,a2131a21-46fb-4f5e-97eb-8572656b13b5,8b4d520a-49da-4ae7-ae4c-5f1f4d5280b8,
678537,a01e39b7-d3a3-4294-adcd-97d4bc050383,93ffdc00-3112-4940-8a8d-7095df2b12ce,
678546,feec92fa-5e92-44a3-9d39-3724f87f1fa3,8b4d520a-49da-4ae7-ae4c-5f1f4d5280b8,
678547,7d44c101-31d9-40d5-a2a0-dd0bc28a8aa5,8b4d520a-49da-4ae7-ae4c-5f1f4d5280b8,
678551,1e4c1a5b-fdf3-4a86-a5e6-fb3ed7a43b25,8b4d520a-49da-4ae7-ae4c-5f1f4d5280b8,
678560,0500fabf-73a3-4fc4-8295-f5c85fe7e6f3,8b4d520a-49da-4ae7-ae4c-5f1f4d5280b8,
678573,5da9847e-86bb-4739-886e-99a1a2b37a39,93ffdc00-3112-4940-8a8d-7095df2b12ce,
678576,1f7500c8-97d2-44bd-929f-d86b87ef22a5,93ffdc00-3112-4940-8a8d-7095df2b12ce,
678580,447091a5-26c1-4bd2-9d54-fc7229758fbb,93ffdc00-3112-4940-8a8d-7095df2b12ce,
678582,45b260cd-2b03-4a07-9632-d27f4845dcc0,93ffdc00-3112-4940-8a8d-7095df2b12ce,
678583,6a62d269-44c5-4e3b-8801-a72bf4d86872,93ffdc00-3112-4940-8a8d-7095df2b12ce,
678584,a32d7dbf-2ec8-433c-a5a4-0a980bba9c7a,93ffdc00-3112-4940-8a8d-7095df2b12ce,
678595,d1d93cc0-ab7a-443d-ba74-9ebb08cc075d,93ffdc00-3112-4940-8a8d-7095df2b12ce,
678596,218bd92e-ebd1-4a38-b41f-16ad4f9033e7,93ffdc00-3112-4940-8a8d-7095df2b12ce,
678628,756cb43f-663a-4181-ac7e-22d3b4fb3671,93ffdc00-3112-4940-8a8d-7095df2b12ce,
678644,27a97a67-7d30-404c-b29d-e4c4eca9b907,93ffdc00-3112-4940-8a8d-7095df2b12ce,
678650,1afce454-f7ae-40e2-9377-29f189fe0083,8b4d520a-49da-4ae7-ae4c-5f1f4d5280b8,
678658,cfdfb14a-3366-4c5b-8864-1d42fed2f880,8b4d520a-49da-4ae7-ae4c-5f1f4d5280b8,
678661,12c02466-05e7-4de5-a0e5-c271f0522dec,93ffdc00-3112-4940-8a8d-7095df2b12ce,
678662,3dbc8f17-1d17-4c76-9bb1-9526dbea57eb,93ffdc00-3112-4940-8a8d-7095df2b12ce,
678664,36d412bc-c361-4812-8106-b7675cdd15d3,d2008d26-de1f-4245-814f-02faa73eaca6,
375435,7d499dfe-a781-423e-b384-770d65785fe4,8b4d520a-49da-4ae7-ae4c-5f1f4d5280b8,
375436,c5ea6027-1812-4e5b-a236-900372433c03,8b4d520a-49da-4ae7-ae4c-5f1f4d5280b8,
375447,54e8cc83-b361-481e-a243-c7da1171c9f1,8b4d520a-49da-4ae7-ae4c-5f1f4d5280b8,
375457,f7100a7e-adb5-4969-b1d3-c0a7dfd6e2b0,8b4d520a-49da-4ae7-ae4c-5f1f4d5280b8,
375473,916570a8-fbaf-4e9b-a844-d09b852f14be,8b4d520a-49da-4ae7-ae4c-5f1f4d5280b8,
375510,576abf73-7ebd-4b36-82cd-13dcc5ae96a2,cda9e4c8-f2a8-4001-a4ea-2532b8d8637d,
375526,1a86b86a-9752-4970-954f-64dde17567d4,cda9e4c8-f2a8-4001-a4ea-2532b8d8637d,
375538,eb52a3f3-c890-4fd5-b34d-fb02216a103b,8b4d520a-49da-4ae7-ae4c-5f1f4d5280b8,
375539,b2376ee4-76ce-4671-bc98-393e4fc51a22,8b4d520a-49da-4ae7-ae4c-5f1f4d5280b8,
375544,9fbc75c7-95a5-4223-af2b-fe49dbdebecc,93ffdc00-3112-4940-8a8d-7095df2b12ce,
375548,851fc06d-0ee6-4d88-858e-487cad378e00,8b4d520a-49da-4ae7-ae4c-5f1f4d5280b8,
375550,94ef4975-18ad-47fc-ad00-47860bfe378d,8b4d520a-49da-4ae7-ae4c-5f1f4d5280b8,
375557,aaef8b89-3f92-4e01-af76-a83fcecfe24d,8b4d520a-49da-4ae7-ae4c-5f1f4d5280b8,
799808,86228ea5-046e-4991-8d9f-e031a528bec6,d2008d26-de1f-4245-814f-02faa73eaca6,
805371,890bbdc6-355f-4085-be84-b1241cce563b,8b4d520a-49da-4ae7-ae4c-5f1f4d5280b8,
805374,cf12198f-555e-48f1-a9ca-bc482f9cd004,8b4d520a-49da-4ae7-ae4c-5f1f4d5280b8,
807408,e95788eb-0432-4cc9-a4b8-e31726343f17,8b4d520a-49da-4ae7-ae4c-5f1f4d5280b8,
808861,a1076318-0a70-4d66-8393-4150728097a4,8b4d520a-49da-4ae7-ae4c-5f1f4d5280b8,
813672,6716355e-e48b-493c-beeb-94f1da2812b6,8b4d520a-49da-4ae7-ae4c-5f1f4d5280b8,
814975,506b5e94-7906-47ae-8bf6-db24f0ccb7ab,8b4d520a-49da-4ae7-ae4c-5f1f4d5280b8,
817931,8edc8c55-ee1d-4303-a04e-5261529b5db2,8b4d520a-49da-4ae7-ae4c-5f1f4d5280b8,
819418,5f016f6c-a237-4a6c-bb28-f32d7352bb5b,8b4d520a-49da-4ae7-ae4c-5f1f4d5280b8,
654323,22a008b4-b9bd-45de-a1e6-3c3f9d0d67a1,8b4d520a-49da-4ae7-ae4c-5f1f4d5280b8,
654335,b299fe63-d3b1-4679-9697-3f264bd6a42f,8b4d520a-49da-4ae7-ae4c-5f1f4d5280b8,
654337,dd5a21f8-7431-4713-ae6b-7b8bf03d74e0,8b4d520a-49da-4ae7-ae4c-5f1f4d5280b8,
654338,f161da6c-1ac0-4ae0-a5ac-6a2e60cf25dd,8b4d520a-49da-4ae7-ae4c-5f1f4d5280b8,
654339,0543830f-d978-435f-a6d2-3affb01aa83c,8b4d520a-49da-4ae7-ae4c-5f1f4d5280b8,
654350,52986aaa-9c04-4bfa-bfa1-4f19f07681cf,8b4d520a-49da-4ae7-ae4c-5f1f4d5280b8,
654359,de3527e5-ed46-41e0-9fb8-0166a9e21fe6,8b4d520a-49da-4ae7-ae4c-5f1f4d5280b8,
654369,c053432e-39c6-432c-b00a-701ea8574551,8b4d520a-49da-4ae7-ae4c-5f1f4d5280b8,
654371,7b7a7362-09be-4ab1-8de1-f0241d79eb80,8b4d520a-49da-4ae7-ae4c-5f1f4d5280b8,
654373,3e8f638b-9280-49e7-82e8-bb295905f0dd,8b4d520a-49da-4ae7-ae4c-5f1f4d5280b8,
678497,11263207-d29d-489f-a5a7-6b568b52a877,8b4d520a-49da-4ae7-ae4c-5f1f4d5280b8,
678502,0b4e5344-ae6a-4942-bf67-293a0b305e6f,3817382b-15c9-4d65-b4dc-8faa96141dee,
678506,2f4704f7-0ab5-4e83-8ef4-321cbc511edd,3817382b-15c9-4d65-b4dc-8faa96141dee,
678519,1ea18cd5-9904-4ad1-86db-26b0c4aa9a96,8b4d520a-49da-4ae7-ae4c-5f1f4d5280b8,
678524,301a1f85-f5c2-4263-b30b-f9434e1eb459,93ffdc00-3112-4940-8a8d-7095df2b12ce,
678535,71d0f202-9b7f-4b6f-87f9-c8067b01bc69,8b4d520a-49da-4ae7-ae4c-5f1f4d5280b8,
678540,b527a952-472b-4d32-8f0a-7a1b51230bdb,8b4d520a-49da-4ae7-ae4c-5f1f4d5280b8,
678557,01b47142-7324-479e-8ce9-07b941d6c2fa,8b4d520a-49da-4ae7-ae4c-5f1f4d5280b8,
678570,8d33ddcf-e011-4c86-87fb-b6e45db15bc6,93ffdc00-3112-4940-8a8d-7095df2b12ce,
678572,5fb45706-4255-438a-a5d8-29654eb650b1,93ffdc00-3112-4940-8a8d-7095df2b12ce,
678579,b30ecc30-110f-4d65-893e-343ef12b8fe0,93ffdc00-3112-4940-8a8d-7095df2b12ce,
678581,b29855ea-fc76-473a-8eae-ef265ff062f0,93ffdc00-3112-4940-8a8d-7095df2b12ce,
678585,0cfa3824-713e-4f25-8114-33fd3e4c26db,8b4d520a-49da-4ae7-ae4c-5f1f4d5280b8,
678588,9a51e268-9319-4753-93c9-988ca6643094,93ffdc00-3112-4940-8a8d-7095df2b12ce,
678590,bb96e002-c392-47f2-b85d-6d1d818b2b6b,93ffdc00-3112-4940-8a8d-7095df2b12ce,
678591,4db75807-35e2-485f-a7b2-612e30fec7be,93ffdc00-3112-4940-8a8d-7095df2b12ce,
678611,ff4ffcc3-f1b8-45d2-9135-b816b2d4f033,93ffdc00-3112-4940-8a8d-7095df2b12ce,
678614,d2a853cd-413f-4703-a2e0-b2fc553248df,93ffdc00-3112-4940-8a8d-7095df2b12ce,
678617,348e366a-3904-46aa-926d-49f9069d23fa,93ffdc00-3112-4940-8a8d-7095df2b12ce,
678618,0e506764-c4e0-45fc-a47a-71196819ccf8,93ffdc00-3112-4940-8a8d-7095df2b12ce,
678623,b676c359-5cc0-4f2f-b58f-377d679b4124,8b4d520a-49da-4ae7-ae4c-5f1f4d5280b8,
678624,cdd1a945-2f2e-4e8e-b802-7c7b50a326fe,93ffdc00-3112-4940-8a8d-7095df2b12ce,
678633,cd4edef4-67ec-425d-8cf4-2d8c827043a0,8b4d520a-49da-4ae7-ae4c-5f1f4d5280b8,
678659,fdb94142-da49-4be5-aca8-e9907e181a10,93ffdc00-3112-4940-8a8d-7095df2b12ce,
678670,51b70a4e-62e2-423f-b76e-92b127f8090c,8b4d520a-49da-4ae7-ae4c-5f1f4d5280b8,
678678,4e682816-8f5e-404b-954a-af25eeeb20c7,8b4d520a-49da-4ae7-ae4c-5f1f4d5280b8,
678680,491059e2-2ef6-4f1d-83ce-2d6511898780,93ffdc00-3112-4940-8a8d-7095df2b12ce,
829385,b7b75e50-46d7-423e-ade1-91a5cf297b70,8b4d520a-49da-4ae7-ae4c-5f1f4d5280b8,
375409,3f5016c5-dcc8-4703-9591-0a49ceeb8e42,8b4d520a-49da-4ae7-ae4c-5f1f4d5280b8,
375411,5b692764-0f74-40af-8f63-279d4d99a4f7,8b4d520a-49da-4ae7-ae4c-5f1f4d5280b8,
375415,a10fd2a0-c2de-43e9-b168-f9f1dd50e9a3,8b4d520a-49da-4ae7-ae4c-5f1f4d5280b8,
375425,cb9947fa-0f01-4d11-a616-60c4c9d8a78c,8b4d520a-49da-4ae7-ae4c-5f1f4d5280b8,
375432,966d5a86-1e7d-484c-a63e-ee9ec060e269,8b4d520a-49da-4ae7-ae4c-5f1f4d5280b8,
375456,f7d8ae65-1bdd-4175-bdc7-a610e24b7b78,8b4d520a-49da-4ae7-ae4c-5f1f4d5280b8,
375459,ea36d045-53e6-4411-a6ae-bd9a9ddc3678,8b4d520a-49da-4ae7-ae4c-5f1f4d5280b8,
375461,f72c65b9-046d-4017-996c-06a1c692ad07,8b4d520a-49da-4ae7-ae4c-5f1f4d5280b8,
375498,769df82a-1233-4165-9f29-f4673d49c1e6,8b4d520a-49da-4ae7-ae4c-5f1f4d5280b8,
375503,f28c4440-3b18-4b5e-aa84-6d1c706b75bb,8b4d520a-49da-4ae7-ae4c-5f1f4d5280b8,
375512,09b9adf2-df24-4e7b-8794-e4d923221da4,cda9e4c8-f2a8-4001-a4ea-2532b8d8637d,
375513,59a33b26-bd16-4e40-b289-7a163a96ff69,cda9e4c8-f2a8-4001-a4ea-2532b8d8637d,
375517,426d14b9-0224-42f6-a8c1-06220e03d3cc,cda9e4c8-f2a8-4001-a4ea-2532b8d8637d,
375523,599b5295-1660-48f7-8b1b-61494fe7fb8f,cda9e4c8-f2a8-4001-a4ea-2532b8d8637d,
375545,074dd80e-919b-49ca-a068-4fe4cbc338a5,8b4d520a-49da-4ae7-ae4c-5f1f4d5280b8,
375556,abc94438-9ef6-47a6-9647-2a4c0111fe99,8b4d520a-49da-4ae7-ae4c-5f1f4d5280b8,
799809,00356f48-595c-4084-904a-814b6f9d0ba3,8b4d520a-49da-4ae7-ae4c-5f1f4d5280b8,
805369,c380c6c8-3755-4c8a-a0d6-556dc8fd218f,d2008d26-de1f-4245-814f-02faa73eaca6,
805801,19903d5a-b968-41d5-a557-e322ab77775c,8b4d520a-49da-4ae7-ae4c-5f1f4d5280b8,
805803,32f6849b-c37f-4105-8e1b-7326ed2a2d9c,8b4d520a-49da-4ae7-ae4c-5f1f4d5280b8,
805804,ee1e2dbd-712f-458e-a702-71ffc90b1ea6,8b4d520a-49da-4ae7-ae4c-5f1f4d5280b8,
814210,17a23da6-9c93-46c8-837a-0a231e88f7cb,8b4d520a-49da-4ae7-ae4c-5f1f4d5280b8,
817929,e3d0f409-4987-4bee-ab33-910e8bb97c9c,8b4d520a-49da-4ae7-ae4c-5f1f4d5280b8,
819419,27bfb5bd-350a-4a22-9064-ec61c61b12e2,8b4d520a-49da-4ae7-ae4c-5f1f4d5280b8,
654311,ce4d4f46-2b0a-4a6e-9ab5-679659c5557a,8b4d520a-49da-4ae7-ae4c-5f1f4d5280b8,
654342,4df4bf16-ae17-462f-8f08-d54c9155eea1,8b4d520a-49da-4ae7-ae4c-5f1f4d5280b8,
654347,8647de4f-acec-43b4-b80a-7d367b40d2d1,8b4d520a-49da-4ae7-ae4c-5f1f4d5280b8,
654368,2990acf6-d45e-490e-a3c3-cf58884af2ab,8b4d520a-49da-4ae7-ae4c-5f1f4d5280b8,
654370,8359768c-46c9-42c5-83ab-58c32b1913ca,8b4d520a-49da-4ae7-ae4c-5f1f4d5280b8,
654376,2beefdc0-2da5-4ae5-9880-8b20ff078794,8b4d520a-49da-4ae7-ae4c-5f1f4d5280b8,
654381,e3824554-5f89-43a0-96ca-e64b62e6143b,8b4d520a-49da-4ae7-ae4c-5f1f4d5280b8,
654383,417225e4-d671-486f-853e-685e0fa8c4d1,8b4d520a-49da-4ae7-ae4c-5f1f4d5280b8,
654395,5b34f6b4-21f5-4ead-b8db-21a17ba34064,8b4d520a-49da-4ae7-ae4c-5f1f4d5280b8,
654398,e590bf7f-85cf-4979-85dc-4ec647c22bd4,8b4d520a-49da-4ae7-ae4c-5f1f4d5280b8,
678487,e1754e28-0e68-4d56-870e-727df663e608,3817382b-15c9-4d65-b4dc-8faa96141dee,
678488,49201496-8697-4960-9e63-6268ecbb4f91,3817382b-15c9-4d65-b4dc-8faa96141dee,
678493,6c98aa3b-9ec8-41b1-9225-a394db5bb730,3817382b-15c9-4d65-b4dc-8faa96141dee,
678494,ba103b3a-d10a-4dab-a222-f56277a9efa0,3817382b-15c9-4d65-b4dc-8faa96141dee,
678501,63c51867-4d23-4d84-acd8-a877a6011c36,3817382b-15c9-4d65-b4dc-8faa96141dee,
678510,8e39213c-a890-42e1-a6d2-4c9eddb39cff,8b4d520a-49da-4ae7-ae4c-5f1f4d5280b8,
678516,3d1b3af7-c6d8-4c75-8c67-24d5915c7e52,8b4d520a-49da-4ae7-ae4c-5f1f4d5280b8,
678523,1c0ac02e-1e62-4e52-a9d9-bbc379971ee1,8b4d520a-49da-4ae7-ae4c-5f1f4d5280b8,
678536,407eaedc-fe92-44a1-87e5-8e0b7d06c73a,8b4d520a-49da-4ae7-ae4c-5f1f4d5280b8,
678559,54312981-5301-421f-94cd-85781227e1a5,8b4d520a-49da-4ae7-ae4c-5f1f4d5280b8,
678561,2f565052-6bf6-4611-987c-0130e1895b28,8b4d520a-49da-4ae7-ae4c-5f1f4d5280b8,
678563,12356013-1e9f-452e-9cd8-944d0d18661b,8b4d520a-49da-4ae7-ae4c-5f1f4d5280b8,
678567,da5bc2f5-cb34-44f9-a63a-9eac68bcd422,93ffdc00-3112-4940-8a8d-7095df2b12ce,
678568,2385368c-be13-407f-a0b2-cab178145872,93ffdc00-3112-4940-8a8d-7095df2b12ce,
678577,1ada7dfa-25d4-4c80-b306-cef23c2b77af,93ffdc00-3112-4940-8a8d-7095df2b12ce,
678587,44f4590e-5c01-43f9-8ca9-c1612bc47d5b,4298014c-62e0-4f8b-bb60-a6d71a7aa1ec,
678589,887ae862-8d97-4692-ac41-2d8242921526,93ffdc00-3112-4940-8a8d-7095df2b12ce,
678594,203b30a2-6f9e-47a0-9da8-e7fa3c996eea,93ffdc00-3112-4940-8a8d-7095df2b12ce,
678597,dd0505d0-0385-425e-9e57-9a586916f1df,93ffdc00-3112-4940-8a8d-7095df2b12ce,
678602,6e69a279-d52d-432d-a9cf-1531b4425c2f,93ffdc00-3112-4940-8a8d-7095df2b12ce,
678604,f64ceb5c-5de6-42c0-b9d6-6b213626176d,93ffdc00-3112-4940-8a8d-7095df2b12ce,
678613,08f88e1f-7ee3-4c52-8876-47902e75bfc6,93ffdc00-3112-4940-8a8d-7095df2b12ce,
678619,8d717b40-9f9d-463e-b7e3-e7c788fac928,93ffdc00-3112-4940-8a8d-7095df2b12ce,
678641,e687fdc4-f885-44f2-9fc0-825602ab3158,8b4d520a-49da-4ae7-ae4c-5f1f4d5280b8,
678646,3d789e18-25f3-4592-8c44-f9af9e5f68f4,93ffdc00-3112-4940-8a8d-7095df2b12ce,
678649,9bfed2f7-1cea-446e-b86a-b5ced5720a1c,93ffdc00-3112-4940-8a8d-7095df2b12ce,
678656,a05c4d98-4083-4591-b168-f13b68fb3716,93ffdc00-3112-4940-8a8d-7095df2b12ce,
678660,60e674d0-e1d3-420f-8dcb-d467ab8de307,8b4d520a-49da-4ae7-ae4c-5f1f4d5280b8,
678665,5b682352-bfa0-4c57-9453-fd82e84a1a24,93ffdc00-3112-4940-8a8d-7095df2b12ce,
678671,157ee08f-816e-4235-8b88-a50e9d231a14,93ffdc00-3112-4940-8a8d-7095df2b12ce,
678682,06ab4e04-1447-47a0-9a20-a6f7573939c5,93ffdc00-3112-4940-8a8d-7095df2b12ce,
678685,27093282-0d47-4aaf-a8de-f15cf5a9c6c1,d2008d26-de1f-4245-814f-02faa73eaca6,
375408,817c7a05-6fb8-47a5-8d32-7fde6d4b4cb1,8b4d520a-49da-4ae7-ae4c-5f1f4d5280b8,
375412,7657550f-b2af-46c9-a2d2-e500b8137e6e,8b4d520a-49da-4ae7-ae4c-5f1f4d5280b8,
375419,acf4d7a0-71c0-47df-816c-f329c66d204b,8b4d520a-49da-4ae7-ae4c-5f1f4d5280b8,
375423,3e3814ed-dd36-4f8f-a95b-c83696470c1e,8b4d520a-49da-4ae7-ae4c-5f1f4d5280b8,
375439,74c7e86f-14d9-4ca4-85c8-02fbbdc21fec,8b4d520a-49da-4ae7-ae4c-5f1f4d5280b8,
375440,b4ac2737-81b5-4900-9bd0-0d7b41381495,8b4d520a-49da-4ae7-ae4c-5f1f4d5280b8,
375441,dbcd1a04-4d70-4bdb-8b2a-185d6ecf5849,8b4d520a-49da-4ae7-ae4c-5f1f4d5280b8,
375442,dc6105c9-f04e-4a6a-8b18-5aed301814a3,8b4d520a-49da-4ae7-ae4c-5f1f4d5280b8,
375444,797565bb-9968-444b-9af2-9eac79ca44c6,8b4d520a-49da-4ae7-ae4c-5f1f4d5280b8,
375452,271c4d38-15d9-48ac-9d7c-f50f342d820e,8b4d520a-49da-4ae7-ae4c-5f1f4d5280b8,
375463,534fbf9d-f759-4dbf-be3d-7fae26224280,8b4d520a-49da-4ae7-ae4c-5f1f4d5280b8,
375478,8cf7af38-5759-4525-aac2-96fdc0a6010d,8b4d520a-49da-4ae7-ae4c-5f1f4d5280b8,
375480,e23b1341-3436-4815-a65e-69f3eb8c1046,8b4d520a-49da-4ae7-ae4c-5f1f4d5280b8,
375482,6b16b4b8-9133-456c-a68c-358245e273e3,8b4d520a-49da-4ae7-ae4c-5f1f4d5280b8,
375484,62b6642f-bab9-4187-baa2-c34c32f0da99,8b4d520a-49da-4ae7-ae4c-5f1f4d5280b8,
375485,acc88bb0-1086-4949-8a1b-eb06ca314923,8b4d520a-49da-4ae7-ae4c-5f1f4d5280b8,
375489,9cdda4fd-c9b4-45b3-8ec7-ec1551598f99,8b4d520a-49da-4ae7-ae4c-5f1f4d5280b8,
375490,ed295c2d-7cbe-4cd9-9aa2-8d0117558505,8b4d520a-49da-4ae7-ae4c-5f1f4d5280b8,
375511,5cd4959d-1f34-4ad0-9ee9-6ff829f0d823,cda9e4c8-f2a8-4001-a4ea-2532b8d8637d,
375514,bd6b975e-0547-43f2-9e62-c8459e257806,cda9e4c8-f2a8-4001-a4ea-2532b8d8637d,
375518,ee6baaff-0973-4bbd-950a-25e1b8fd9ffc,cda9e4c8-f2a8-4001-a4ea-2532b8d8637d,
375521,468d9197-2e40-46dd-854d-47353c0a66af,cda9e4c8-f2a8-4001-a4ea-2532b8d8637d,
375525,6dd09559-842f-400f-b1de-3e824510afc5,cda9e4c8-f2a8-4001-a4ea-2532b8d8637d,
375527,80d161ce-1387-4198-85dc-79933f2d6cdd,8b4d520a-49da-4ae7-ae4c-5f1f4d5280b8,
375536,47d0b5d2-80dc-49ef-b8e6-a69628b876d3,8b4d520a-49da-4ae7-ae4c-5f1f4d5280b8,
375549,6b25474f-866e-4efa-bbe9-ae9f50c78b4a,8b4d520a-49da-4ae7-ae4c-5f1f4d5280b8,
799807,fbbd1618-0b9a-4fc1-9934-4a6a993b2794,8b4d520a-49da-4ae7-ae4c-5f1f4d5280b8,
799810,91de5abe-afc6-4ba0-8ad0-d084b17fd210,8b4d520a-49da-4ae7-ae4c-5f1f4d5280b8,
805377,04212631-8e5c-4b25-ba7a-46f608d2c31a,8b4d520a-49da-4ae7-ae4c-5f1f4d5280b8,
807409,9c9b7e11-e024-47fe-ad3f-7b5b130f1b83,8b4d520a-49da-4ae7-ae4c-5f1f4d5280b8,
813671,a0c9510e-bbef-4a50-89f7-3db75430a02e,8b4d520a-49da-4ae7-ae4c-5f1f4d5280b8,
813930,19f25aed-8bd0-4a94-bd0b-e41319cad84b,8b4d520a-49da-4ae7-ae4c-5f1f4d5280b8,
814211,c08dace1-f725-4727-a097-d0469c5b56a5,8b4d520a-49da-4ae7-ae4c-5f1f4d5280b8,
817928,17be3f37-fa88-4c4b-b0c9-ad04eb45a7a3,8b4d520a-49da-4ae7-ae4c-5f1f4d5280b8,
821083,e0ccf100-0c22-468e-bce0-20eaaaf1dc14,8b4d520a-49da-4ae7-ae4c-5f1f4d5280b8,
654310,ef16d4b4-7d59-4678-b45c-05e8eb6e0f72,8b4d520a-49da-4ae7-ae4c-5f1f4d5280b8,
654314,5827ff23-bbd1-48c7-a099-84122d168ac7,8b4d520a-49da-4ae7-ae4c-5f1f4d5280b8,
654327,cd754558-e60b-4a7a-9aa5-4b729fb8add9,8b4d520a-49da-4ae7-ae4c-5f1f4d5280b8,
654331,85dba3b1-819b-4c61-b64c-9584d64f9236,8b4d520a-49da-4ae7-ae4c-5f1f4d5280b8,
654340,e90a213d-9214-47b8-97c5-b8f6516ee30d,8b4d520a-49da-4ae7-ae4c-5f1f4d5280b8,
654349,96b9f38e-c600-4cc4-ae8b-025b579bb6af,8b4d520a-49da-4ae7-ae4c-5f1f4d5280b8,
654352,c6606413-32f6-48c4-bd0c-e975206ecfa6,8b4d520a-49da-4ae7-ae4c-5f1f4d5280b8,
654378,db8e96cd-8a53-43b8-a241-6cebe548edc1,8b4d520a-49da-4ae7-ae4c-5f1f4d5280b8,
654382,d4275e18-239e-4fda-a44b-647e248a73e2,8b4d520a-49da-4ae7-ae4c-5f1f4d5280b8,
678486,d981a07c-de8f-4546-a8ed-45d77b18e82e,3817382b-15c9-4d65-b4dc-8faa96141dee,
678544,325eb7e4-b176-4975-8c84-5d4579ee847f,8b4d520a-49da-4ae7-ae4c-5f1f4d5280b8,
678555,b6d71a01-13f8-49ce-8063-e370e9b886e6,93ffdc00-3112-4940-8a8d-7095df2b12ce,
678556,eecdebfc-1721-4d03-8a68-a0c5f7e16a6f,93ffdc00-3112-4940-8a8d-7095df2b12ce,
678562,a694373f-b174-4894-9cd6-698944cef4b3,8b4d520a-49da-4ae7-ae4c-5f1f4d5280b8,
678564,74084c98-30a8-4eca-824a-121bab8f4efd,8b4d520a-49da-4ae7-ae4c-5f1f4d5280b8,
678578,77396068-d56b-4fe3-98e3-5367eeba76fc,93ffdc00-3112-4940-8a8d-7095df2b12ce,
678606,6648cc1b-183c-4027-85ab-6dc618fcbe51,93ffdc00-3112-4940-8a8d-7095df2b12ce,
678610,a2cf5259-32ec-45fa-83e4-e2225fed4074,93ffdc00-3112-4940-8a8d-7095df2b12ce,
678621,d03c4cdf-f657-4673-af80-115ec8a5ec0c,8b4d520a-49da-4ae7-ae4c-5f1f4d5280b8,
678625,17ab27bc-dd83-46b0-a56d-ba78b41ee803,93ffdc00-3112-4940-8a8d-7095df2b12ce,
678637,e94e99fc-298f-4651-9671-979d8af3d478,8b4d520a-49da-4ae7-ae4c-5f1f4d5280b8,
678643,ab7d9a4a-a3f4-489c-95f6-11ed678549b0,8b4d520a-49da-4ae7-ae4c-5f1f4d5280b8,
678657,8091fa8e-1bbb-41fd-8b4f-ea355f640bc1,8b4d520a-49da-4ae7-ae4c-5f1f4d5280b8,
678663,6ece9069-1934-4c92-8796-7040873a14ee,93ffdc00-3112-4940-8a8d-7095df2b12ce,
678669,ddfcc222-bc46-4460-bd06-e35a539344cb,8b4d520a-49da-4ae7-ae4c-5f1f4d5280b8,
678674,f5756d9b-968b-4514-ba6a-73fddae62f20,8b4d520a-49da-4ae7-ae4c-5f1f4d5280b8,
678675,954fa3c1-0176-4379-9da9-fcbfa72336e6,93ffdc00-3112-4940-8a8d-7095df2b12ce,
678687,a735fec1-1d34-456a-b46a-db3893f104db,608f418d-dee6-4c1a-8e93-370a55b2b7a8,
827953,1b40cd42-673f-4696-a9d3-596ab2335437,8b4d520a-49da-4ae7-ae4c-5f1f4d5280b8,
375407,e0f5d5df-2f38-4583-be9e-2a226a583f51,8b4d520a-49da-4ae7-ae4c-5f1f4d5280b8,
375410,7fa8f41a-e525-43cc-b219-e33af5f85ac4,8b4d520a-49da-4ae7-ae4c-5f1f4d5280b8,
375414,7cc80a5c-c9cd-4f94-9c03-206e273ba25e,8b4d520a-49da-4ae7-ae4c-5f1f4d5280b8,
375422,94e6e067-695a-4884-b9f2-ccd1b6d78a72,8b4d520a-49da-4ae7-ae4c-5f1f4d5280b8,
375426,204c79ea-7f9a-443f-866f-6005b2594f18,8b4d520a-49da-4ae7-ae4c-5f1f4d5280b8,
375430,c2b35033-a714-4db3-964c-6b546bf7e6b5,8b4d520a-49da-4ae7-ae4c-5f1f4d5280b8,
375434,a1075b21-93bf-4250-83a2-27a2f1dfc7f7,8b4d520a-49da-4ae7-ae4c-5f1f4d5280b8,
375438,a7ca25f7-d17f-41ce-9f6a-f9df97c5b5d5,8b4d520a-49da-4ae7-ae4c-5f1f4d5280b8,
375445,4c28394a-6075-48a2-931f-ecb1cff20437,8b4d520a-49da-4ae7-ae4c-5f1f4d5280b8,
375449,4b315846-1c64-455c-9121-6e27c1dc4d9e,8b4d520a-49da-4ae7-ae4c-5f1f4d5280b8,
375450,dfe4916e-fbf0-4218-9227-3c1b173154e7,8b4d520a-49da-4ae7-ae4c-5f1f4d5280b8,
375453,711324dc-fdd4-4676-ad01-cdf72761afeb,8b4d520a-49da-4ae7-ae4c-5f1f4d5280b8,
375458,0bb32681-df31-45cf-a36d-ba2f828fe7ef,8b4d520a-49da-4ae7-ae4c-5f1f4d5280b8,
375504,82f1eae4-3385-4478-a5ea-70cd428474f3,8b4d520a-49da-4ae7-ae4c-5f1f4d5280b8,
375508,6ce5069e-cad8-4001-89d2-26907dc4e819,8b4d520a-49da-4ae7-ae4c-5f1f4d5280b8,
375530,ece8071f-80b9-44b2-b343-1056e4a79dfd,8b4d520a-49da-4ae7-ae4c-5f1f4d5280b8,
375531,a696591b-d1de-4f1e-bfdf-9d68a0d691cb,8b4d520a-49da-4ae7-ae4c-5f1f4d5280b8,
375543,7c0be3de-f78b-427a-9101-1d53cf41e03f,8b4d520a-49da-4ae7-ae4c-5f1f4d5280b8,
375546,3d1b6096-8528-40be-9136-c0fbee0a0409,8b4d520a-49da-4ae7-ae4c-5f1f4d5280b8,
375552,e08b2d7c-4a2d-4fd4-b3e3-9456bc7b9824,8b4d520a-49da-4ae7-ae4c-5f1f4d5280b8,
375553,f017d746-ba14-4e49-b447-a3386c36c339,8b4d520a-49da-4ae7-ae4c-5f1f4d5280b8,
375554,7a6f5768-be48-4a27-a956-c1582edef8bd,8b4d520a-49da-4ae7-ae4c-5f1f4d5280b8,
797324,968f5f5c-eef0-454b-b390-1ae709a44463,8b4d520a-49da-4ae7-ae4c-5f1f4d5280b8,
805361,0b46de5f-9533-4f64-ac47-6127ac890b59,8b4d520a-49da-4ae7-ae4c-5f1f4d5280b8,
805364,fa418f80-2698-4884-bfa5-2b65b466f90f,8b4d520a-49da-4ae7-ae4c-5f1f4d5280b8,
805802,1d721d65-e6f3-4fb5-a2aa-c193c76e82b9,8b4d520a-49da-4ae7-ae4c-5f1f4d5280b8,
805809,6bb6289a-11ac-411e-a1d0-4adaa0f6b974,8b4d520a-49da-4ae7-ae4c-5f1f4d5280b8,
807415,6ede8a2a-cd50-4fcc-937d-7c2625252e40,8b4d520a-49da-4ae7-ae4c-5f1f4d5280b8,
807416,9740d218-07cc-4c94-b764-e02c1a9c3e39,8b4d520a-49da-4ae7-ae4c-5f1f4d5280b8,
808858,d3c04f95-a07c-4a82-9834-1d0a55b29350,8b4d520a-49da-4ae7-ae4c-5f1f4d5280b8,
808859,56cca363-99cb-4baf-a152-204e2c98860f,8b4d520a-49da-4ae7-ae4c-5f1f4d5280b8,
813669,40d89596-3482-4f4a-ab3c-a29d541cbf03,8b4d520a-49da-4ae7-ae4c-5f1f4d5280b8,
813670,35c2f8fb-292e-4ace-9d0d-4c391bfa6b25,8b4d520a-49da-4ae7-ae4c-5f1f4d5280b8,
817155,df4ce676-0f0a-4475-a75e-5d8119557b56,8b4d520a-49da-4ae7-ae4c-5f1f4d5280b8,
817930,f6114877-31ca-4e6d-bdbc-b3d5d4ee816c,8b4d520a-49da-4ae7-ae4c-5f1f4d5280b8,
654316,65abafdc-a9b7-4f94-83ec-4bb255e44ec1,8b4d520a-49da-4ae7-ae4c-5f1f4d5280b8,
654334,8c6748b0-8942-4ac3-8af2-95c9732c595c,8b4d520a-49da-4ae7-ae4c-5f1f4d5280b8,
654345,4c8610c6-8f50-4673-9e16-e74aaccd83ec,8b4d520a-49da-4ae7-ae4c-5f1f4d5280b8,
654348,9752003e-df4a-483c-ac38-ca254b62cb3a,8b4d520a-49da-4ae7-ae4c-5f1f4d5280b8,
654351,948ac2a7-1ca1-4ac8-8d25-7c93a0f6e5b6,8b4d520a-49da-4ae7-ae4c-5f1f4d5280b8,
654366,b8fef6d0-3114-4471-8203-fe0b324cf97b,8b4d520a-49da-4ae7-ae4c-5f1f4d5280b8,
654375,6d2b90b8-67d7-428d-b09b-58f9a61f56eb,8b4d520a-49da-4ae7-ae4c-5f1f4d5280b8,
654385,771c01c2-a602-4d4c-a343-f35d6c78ec19,8b4d520a-49da-4ae7-ae4c-5f1f4d5280b8,
654390,70924c60-c63e-4e77-a26a-78d3724cf761,8b4d520a-49da-4ae7-ae4c-5f1f4d5280b8,
654393,affc71e8-ae23-49d1-b03c-15f85d55cb0a,8b4d520a-49da-4ae7-ae4c-5f1f4d5280b8,
654397,ead78669-f157-494e-9345-a6a9d45ce623,8b4d520a-49da-4ae7-ae4c-5f1f4d5280b8,
678481,b050aa92-a5b9-4475-a70c-108740d18db3,3817382b-15c9-4d65-b4dc-8faa96141dee,
678483,d61092eb-216c-4c4f-b9c8-85a0fef2b465,3817382b-15c9-4d65-b4dc-8faa96141dee,
678500,33a6e4d7-3dec-48b1-8024-5d1ddc66a318,8b4d520a-49da-4ae7-ae4c-5f1f4d5280b8,
678503,f86db5a5-8383-4e08-b700-96a68ef1e36c,3817382b-15c9-4d65-b4dc-8faa96141dee,
678515,4402eb23-151c-4f5c-8387-ea05dc52a1f5,8b4d520a-49da-4ae7-ae4c-5f1f4d5280b8,
678526,e134f42f-b4b1-4c33-9919-e87ffe054202,93ffdc00-3112-4940-8a8d-7095df2b12ce,
678527,a821368e-b667-4708-868f-e5d1d372d8e3,8b4d520a-49da-4ae7-ae4c-5f1f4d5280b8,
678532,67616e0e-e6d2-43a2-9526-8b0a24e8e6b2,93ffdc00-3112-4940-8a8d-7095df2b12ce,
678543,cd67bab6-f739-4268-a885-d2e6e0685498,93ffdc00-3112-4940-8a8d-7095df2b12ce,
678545,892169c8-5a97-4163-9496-da638ed93486,93ffdc00-3112-4940-8a8d-7095df2b12ce,
678549,aeff3779-3e3a-4ba0-abfc-64b83070cfe9,93ffdc00-3112-4940-8a8d-7095df2b12ce,
678553,490951fb-0ec8-4df9-9d38-c284dcfa416b,93ffdc00-3112-4940-8a8d-7095df2b12ce,
678554,14a3a047-94a6-4279-859c-8ddd4a18e4f9,93ffdc00-3112-4940-8a8d-7095df2b12ce,
678598,2e563ecc-c663-443a-a3bb-759f257a3a84,93ffdc00-3112-4940-8a8d-7095df2b12ce,
678599,8f4ac982-1645-4f5e-929f-dd773f682695,93ffdc00-3112-4940-8a8d-7095df2b12ce,
678603,cf789cda-d884-47fd-909c-89ad44ed15c8,93ffdc00-3112-4940-8a8d-7095df2b12ce,
678616,97269045-03c2-4112-830d-bd36b56c0028,8b4d520a-49da-4ae7-ae4c-5f1f4d5280b8,
678640,c4823188-e9e7-4f73-8b6b-c198de6e9ef3,8b4d520a-49da-4ae7-ae4c-5f1f4d5280b8,
678668,085f217b-2836-48e3-9de3-bfa5d11ec220,93ffdc00-3112-4940-8a8d-7095df2b12ce,
375416,9cd00ee2-afcb-4465-b229-398e609e3a0d,8b4d520a-49da-4ae7-ae4c-5f1f4d5280b8,
375424,92791ba9-9ef0-428c-8491-94a3d68cd64c,8b4d520a-49da-4ae7-ae4c-5f1f4d5280b8,
375428,c4ff9044-f451-47a2-9cf5-55e81ed5b1c0,8b4d520a-49da-4ae7-ae4c-5f1f4d5280b8,
375443,174e649d-949a-4485-b84b-cc8a82f49104,8b4d520a-49da-4ae7-ae4c-5f1f4d5280b8,
375476,2793257a-bdaf-4345-b9cf-8a10d591ea96,8b4d520a-49da-4ae7-ae4c-5f1f4d5280b8,
375477,7659379a-17a8-48ee-ae2a-51b8392be511,8b4d520a-49da-4ae7-ae4c-5f1f4d5280b8,
375479,ce6db7ba-255e-43f3-ba67-5fcd4ceb5db6,8b4d520a-49da-4ae7-ae4c-5f1f4d5280b8,
375483,b6f9888b-3cdd-4836-9eaf-8547b5545a71,8b4d520a-49da-4ae7-ae4c-5f1f4d5280b8,
375495,794977d9-b83d-4f58-a813-59ae139776b9,8b4d520a-49da-4ae7-ae4c-5f1f4d5280b8,
375500,c794a9a4-3712-45b8-9e13-539e9cc461f8,8b4d520a-49da-4ae7-ae4c-5f1f4d5280b8,
375501,d15dbda9-1a3e-44fc-9061-2a7a7f1e792d,8b4d520a-49da-4ae7-ae4c-5f1f4d5280b8,
375519,fc4288b4-5b7a-41b6-bede-bec057f584f7,cda9e4c8-f2a8-4001-a4ea-2532b8d8637d,
375520,d87278e0-1e2b-4a28-8d73-9af8b7303792,cda9e4c8-f2a8-4001-a4ea-2532b8d8637d,
375533,677f0633-2c4e-4df8-9436-d7ce9fee055f,8b4d520a-49da-4ae7-ae4c-5f1f4d5280b8,
829384,0cce6619-7f39-4ef2-adb6-f99e50cd9cf6,8b4d520a-49da-4ae7-ae4c-5f1f4d5280b8,
797325,7ad825f6-4188-4edb-b60b-790ac40d82a5,8b4d520a-49da-4ae7-ae4c-5f1f4d5280b8,
800403,94ae49e1-2054-4804-8a04-743ee2855d09,8b4d520a-49da-4ae7-ae4c-5f1f4d5280b8,
805373,3b4ca14d-4bd1-4655-a954-61436997b82d,8b4d520a-49da-4ae7-ae4c-5f1f4d5280b8,
805375,be024e02-4d8d-4f7b-9a5f-83f4d7a6726a,8b4d520a-49da-4ae7-ae4c-5f1f4d5280b8,
807410,f28a090e-2b3c-4d77-997b-50e2af8f0f8b,8b4d520a-49da-4ae7-ae4c-5f1f4d5280b8,
810601,8bffb12d-d155-42f0-aed6-042570d8bcd7,8b4d520a-49da-4ae7-ae4c-5f1f4d5280b8,
811823,97061750-4a14-42aa-a0d7-e4b918b7c8ff,8b4d520a-49da-4ae7-ae4c-5f1f4d5280b8,
814974,f04662e9-4eb2-4f26-9045-8f6a4e9be19e,8b4d520a-49da-4ae7-ae4c-5f1f4d5280b8,
654318,e372da76-027c-47f6-a629-7bd21120a292,8b4d520a-49da-4ae7-ae4c-5f1f4d5280b8,
654324,d105e5cb-b6f8-4b0d-88cd-281fc47e0217,8b4d520a-49da-4ae7-ae4c-5f1f4d5280b8,
654330,dbe16846-6952-4102-bf02-b1c8c8321952,8b4d520a-49da-4ae7-ae4c-5f1f4d5280b8,
654333,0c0cc03b-31f2-43ba-b6f5-fdb2a834ca9c,8b4d520a-49da-4ae7-ae4c-5f1f4d5280b8,
654346,3a9fbcaf-2ad7-495c-9a65-8e2485c6d76f,8b4d520a-49da-4ae7-ae4c-5f1f4d5280b8,
654355,c415e974-0993-4a38-af16-caf9c7330113,8b4d520a-49da-4ae7-ae4c-5f1f4d5280b8,
654357,60abe2c3-a4a2-45a0-a1ac-6c050a23edc5,8b4d520a-49da-4ae7-ae4c-5f1f4d5280b8,
678482,c013ae96-185e-4e28-ab6f-21771bbfe978,3817382b-15c9-4d65-b4dc-8faa96141dee,
678489,a790842e-a8bd-40fe-bc72-e2fa02507c7b,8b4d520a-49da-4ae7-ae4c-5f1f4d5280b8,
678490,3d16d7df-2b91-4f74-9f77-9a334aea52ae,3817382b-15c9-4d65-b4dc-8faa96141dee,
678492,1f6db47c-a9cc-438e-9890-c708e62d8f34,3817382b-15c9-4d65-b4dc-8faa96141dee,
678498,7f423ba4-3f38-40c6-af18-4a6fc2258ec2,8b4d520a-49da-4ae7-ae4c-5f1f4d5280b8,
678499,d7a80cab-a8ed-4e70-8d6a-8531ecd2d9d7,8b4d520a-49da-4ae7-ae4c-5f1f4d5280b8,
678505,2755185e-96a0-4910-896c-880d5d3393f6,3817382b-15c9-4d65-b4dc-8faa96141dee,
678509,f62749ef-4dea-44c4-a42d-75fbfc807de9,8b4d520a-49da-4ae7-ae4c-5f1f4d5280b8,
678514,7e73f411-999f-4161-9083-de53c4650331,8b4d520a-49da-4ae7-ae4c-5f1f4d5280b8,
678529,5f0b38b9-9bcb-41da-927f-6fc69d799da6,93ffdc00-3112-4940-8a8d-7095df2b12ce,
678531,b70f6e5c-a0a7-4b0b-9bed-ee37f5853c38,8b4d520a-49da-4ae7-ae4c-5f1f4d5280b8,
678533,e7b103eb-7c35-4016-938c-70b1d021c2ef,93ffdc00-3112-4940-8a8d-7095df2b12ce,
678538,1b240021-f1cc-447c-874c-a243e4669aa9,93ffdc00-3112-4940-8a8d-7095df2b12ce,
678542,291cfc74-2a98-4bc8-be88-92126d20968e,8b4d520a-49da-4ae7-ae4c-5f1f4d5280b8,
678558,ca9f690b-038b-469b-b1f0-3c3f8900b58f,8b4d520a-49da-4ae7-ae4c-5f1f4d5280b8,
678566,91da0873-3472-45a1-b50d-ce73f41b76fc,93ffdc00-3112-4940-8a8d-7095df2b12ce,
678574,1b52fe86-cc44-4e4c-bee1-43a8509691b9,93ffdc00-3112-4940-8a8d-7095df2b12ce,
678575,63a7435d-e7d5-4083-a58d-583c04c2c3cd,93ffdc00-3112-4940-8a8d-7095df2b12ce,
678586,d8815721-4f0e-4ecd-8f48-5b7c0a0324ec,93ffdc00-3112-4940-8a8d-7095df2b12ce,
678593,b0a43288-4f4e-4143-b8ca-29a7a2068c3b,93ffdc00-3112-4940-8a8d-7095df2b12ce,
678600,f3ca58cb-dfc6-4de1-940a-43154284ff55,93ffdc00-3112-4940-8a8d-7095df2b12ce,
678607,d3cd4678-7a06-4fbf-a34f-840eaa69dc25,93ffdc00-3112-4940-8a8d-7095df2b12ce,
678608,63045f85-41d1-474e-bef0-adbc44b63099,93ffdc00-3112-4940-8a8d-7095df2b12ce,
678626,8642f061-84de-40ea-a79e-358cdac8435b,93ffdc00-3112-4940-8a8d-7095df2b12ce,
678630,f6e6742d-ed4f-46bb-afda-c6db63cbd496,93ffdc00-3112-4940-8a8d-7095df2b12ce,
678638,a4236c6f-f859-4557-95d7-939805fc4c6d,8b4d520a-49da-4ae7-ae4c-5f1f4d5280b8,
678648,6d596a9e-5671-4d92-aa86-a249ea51bada,8b4d520a-49da-4ae7-ae4c-5f1f4d5280b8,
678655,3d5cb070-206a-48f1-838f-3b63ebf079fc,93ffdc00-3112-4940-8a8d-7095df2b12ce,
678666,3b61ddb0-9951-4167-8bb0-f2db4c59310b,93ffdc00-3112-4940-8a8d-7095df2b12ce,
678672,5d64573c-b720-4dca-a8b0-19744d9b4246,93ffdc00-3112-4940-8a8d-7095df2b12ce,
678684,9d8ce68c-5459-4967-aac8-a0ff04a29c2b,d2008d26-de1f-4245-814f-02faa73eaca6,
678686,75b34d7f-fed4-422e-980d-64ebe455f23f,d2008d26-de1f-4245-814f-02faa73eaca6,
375421,3769fe44-8393-4fff-a46c-a8e88b86fa0a,8b4d520a-49da-4ae7-ae4c-5f1f4d5280b8,
375427,dc2df3cb-1e9f-4439-a29d-65eec0e61960,8b4d520a-49da-4ae7-ae4c-5f1f4d5280b8,
375429,9a5d8d16-4004-4585-b500-3484bf8d8cd2,8b4d520a-49da-4ae7-ae4c-5f1f4d5280b8,
375433,7c71a4e5-2aaa-4128-a459-d303465e217b,8b4d520a-49da-4ae7-ae4c-5f1f4d5280b8,
375437,18082121-85e5-4058-97cd-572766f087d5,8b4d520a-49da-4ae7-ae4c-5f1f4d5280b8,
375448,9bf75b6b-81c9-491a-92eb-117622af2596,8b4d520a-49da-4ae7-ae4c-5f1f4d5280b8,
375451,ee195c95-8a17-484b-905a-e51ba97db105,8b4d520a-49da-4ae7-ae4c-5f1f4d5280b8,
375465,307b6a1b-c728-4bcc-acf4-136f654b4c79,8b4d520a-49da-4ae7-ae4c-5f1f4d5280b8,
375466,7cea2341-82f2-44a5-bbe5-db0fd8548fe7,8b4d520a-49da-4ae7-ae4c-5f1f4d5280b8,
375467,e145607d-f135-4900-a295-61773942a02c,8b4d520a-49da-4ae7-ae4c-5f1f4d5280b8,
375481,75b8502a-448c-4253-8ac7-12128953c367,8b4d520a-49da-4ae7-ae4c-5f1f4d5280b8,
375487,fc505bba-136b-44a0-8a3a-3694fbf7a83d,8b4d520a-49da-4ae7-ae4c-5f1f4d5280b8,
375491,3873163d-60a2-440b-91aa-e9903ea15236,8b4d520a-49da-4ae7-ae4c-5f1f4d5280b8,
375493,ecb70459-bb72-409e-92be-5b173681bbf8,8b4d520a-49da-4ae7-ae4c-5f1f4d5280b8,
375497,10675540-984d-4638-a65f-c875e78dd191,8b4d520a-49da-4ae7-ae4c-5f1f4d5280b8,
375499,5776f066-a82c-4f55-99be-d1e3be638c19,8b4d520a-49da-4ae7-ae4c-5f1f4d5280b8,
375502,0b44fb0a-839a-4381-91b8-f12e6d529818,8b4d520a-49da-4ae7-ae4c-5f1f4d5280b8,
375505,24961180-84c7-4b60-b86d-37c01b72f9b5,8b4d520a-49da-4ae7-ae4c-5f1f4d5280b8,
375515,d135f560-fce2-4697-8472-475fa113bfa5,cda9e4c8-f2a8-4001-a4ea-2532b8d8637d,
375516,b036f307-872d-442c-b59b-a9ff98733ced,cda9e4c8-f2a8-4001-a4ea-2532b8d8637d,
375524,9a9b9363-b686-4e83-98f9-b10345d17857,cda9e4c8-f2a8-4001-a4ea-2532b8d8637d,
375528,c9a0375a-6664-4bee-84dd-3a4bc874c716,8b4d520a-49da-4ae7-ae4c-5f1f4d5280b8,
375535,63a0f877-1980-433d-bb58-b3de18f91328,8b4d520a-49da-4ae7-ae4c-5f1f4d5280b8,
375541,460a6994-f926-4308-bf0c-b5a6381512f8,8b4d520a-49da-4ae7-ae4c-5f1f4d5280b8,
375542,7236d2de-605d-48f3-8aab-b565d7ed1308,8b4d520a-49da-4ae7-ae4c-5f1f4d5280b8,
375551,204f1a14-0a08-4e81-8d01-bbd8984e47dd,8b4d520a-49da-4ae7-ae4c-5f1f4d5280b8,
