id,lot_number,kill_number,centre_name,centre_number,kill_date,side_1_weight,side_2_weight,carcass_cold_weight,condemned_weight,price,condition,buyer,conformation,european_category,animal_id,hot_weight,fat_class,grading,note,value,killsheet_upload_id
33374,3,7 - 000225  SAA,,,2023-03-09,,,283.6,5.8,,,CENTRE NAME A,O+,,769df82a-1233-4165-9f29-f4673d49c1e6,,4L,O+4L,,,
33389,3,7 - 000246  SAA,,,2023-03-09,,,282.0,5.8,,,CENTRE NAME A,R,,9b006116-8236-457d-871d-e3f3c3130322,,3,R3,,,
33407,3,7 - 000259  HAA,,,2023-03-09,,,260.1,5.3,,,CENTRE NAME A,R,,7d499dfe-a781-423e-b384-770d65785fe4,,4L,R4L,,,
33399,3,7 - 000250  H,,,2023-03-09,,,280.7,5.7,,,CENTRE NAME C,4L,,f017d746-ba14-4e49-b447-a3386c36c339,,O+,O+4L,,,
33410,3,7 - 000260  SAA,,,2023-03-09,,,298.7,6.1,,,CENTRE NAME C,4L,,1214fada-f7ac-49f6-9fee-05ef8a6656d6,,O+,O+4L,,,
33447,3,7 - 000290  SAA,,,2023-03-09,,,313.8,6.4,,,CENTRE NAME A,R,,75b8502a-448c-4253-8ac7-12128953c367,,4L,R4L,,,
33465,2,7 - 000315  S,,,2023-03-16,,,288.7,5.9,,,CENTRE NAME C,4L,,468d9197-2e40-46dd-854d-47353c0a66af,,O+,O+4L,,,
33732,2,7 - 002064,,,2023-03-16,,,279.1,,,,CENTRE NAME C,O+,,10505166-001b-47f2-b1e8-cbd9f1405ff1,,4L,O+4L,,,
33756,2,7 - 002109,,,2023-03-16,,,264.4,,,,CENTRE NAME C,O+,,5b692764-0f74-40af-8f63-279d4d99a4f7,,4L,O+4L,,,
33761,2,7 - 002117,,,2023-03-16,,,274.4,,,,CENTRE NAME C,O+,,3dde5fe3-7132-49f8-8373-deae64b515a6,,4L,O+4L,,,
44104,9.0,7 - 009590,,,2024-04-02,,,244.4,,,,CENTRE NAME B,-O,,a080d453-0391-4fc0-a77a-0c6e2ccad31c,,O3,-O3,,,
44114,9.0,7 - 009599,,,2024-04-02,,,239.5,,,,CENTRE NAME B,-O,,e372da76-027c-47f6-a629-7bd21120a292,,O3,-O3,,,
44121,9.0,7 - 009606,,,2024-04-02,,,259.0,,,,CENTRE NAME B,-O,,70924c60-c63e-4e77-a26a-78d3724cf761,,4L,-O4L,,,
44128,9.0,7 - 009613,,,2024-04-02,,,212.3,,,,CENTRE NAME B,-O,,e90a213d-9214-47b8-97c5-b8f6516ee30d,,O3,-O3,,,
44142,43,7 - 006584,,,2024-02-13,,,243.0,,,,CENTRE NAME A,O+,,cd754558-e60b-4a7a-9aa5-4b729fb8add9,,4L,O+4L,,,
44144,43,7 - 006588,,,2024-02-13,,,259.3,,,,CENTRE NAME A,O+,,d5328262-ba23-45e6-8fb1-b7ef77d100a1,,5L,O+5L,,,
44146,43,7 - 006597,,,2024-02-13,,,249.5,,,,CENTRE NAME A,-O,,ecb4d09b-7f83-4b96-9596-74e087374223,,4L,-O4L,,,
44147,43,7 - 006599,,,2024-02-13,,,247.6,,,,CENTRE NAME A,-O,,22a008b4-b9bd-45de-a1e6-3c3f9d0d67a1,,4L,-O4L,,,
44155,25,7 - 005459,,,2024-04-23,,,272.6,,,,CENTRE NAME A,-O,,d4275e18-239e-4fda-a44b-647e248a73e2,,O3,-O3,,,
44157,25,7 - 005465,,,2024-04-23,,,259.9,,,,CENTRE NAME A,-O,,4deda364-678c-48ea-829a-a5c262f8083a,,O3,-O3,,,
44165,25,7 - 005479,,,2024-04-23,,,259.5,,,,CENTRE NAME A,-O,,6ec13b00-476e-4ff1-8735-3ab79b4fb9a5,,O3,-O3,,,
44178,25,7 - 005500,,,2024-04-23,,,269.5,,,,CENTRE NAME A,-O,,dd5a21f8-7431-4713-ae6b-7b8bf03d74e0,,O3,-O3,,,
33363,3,7 - 000209  S,,,2023-03-09,,,280.4,5.8,,,CENTRE NAME A,O+,,fc4288b4-5b7a-41b6-bede-bec057f584f7,,4L,O+4L,,,
33396,3,7 - 000249  SAA,,,2023-03-09,,,289.1,5.9,,,CENTRE NAME A,O+,,f7100a7e-adb5-4969-b1d3-c0a7dfd6e2b0,,4L,O+4L,,,
33419,3,7 - 000273  S,,,2023-03-09,,,277.4,5.6,,,CENTRE NAME C,4L,,d87278e0-1e2b-4a28-8d73-9af8b7303792,,O+,O+4L,,,
33711,2,7 - 002022,,,2023-03-16,,,279.5,,,,CENTRE NAME C,O+,,7f2ed266-5e35-4217-b200-c4c24f9a5b81,,4L,O+4L,,,
33747,2,7 - 002091,,,2023-03-16,,,273.4,,,,CENTRE NAME C,O+,,c15bb521-f9e0-441f-aa0a-477371816bd4,,4H,O+4H,,,
33774,2,7 - 002127,,,2023-03-16,,,256.2,,,,CENTRE NAME C,O+,,e23b1341-3436-4815-a65e-69f3eb8c1046,,4L,O+4L,,,
33782,2,7 - 002194,,,2023-03-16,,,300.4,,,,CENTRE NAME C,O+,,b6f9888b-3cdd-4836-9eaf-8547b5545a71,,4L,O+4L,,,
35049,18,2 - 005582  H,,,2023-04-25,,,296.2,,,,CENTRE NAME C,4L,,94e6e067-695a-4884-b9f2-ccd1b6d78a72,,R,R4L,,,
33372,3,7 - 000224,,,2023-03-09,,,300.9,6.1,,,CENTRE NAME C,4L,,47d0b5d2-80dc-49ef-b8e6-a69628b876d3,,O+,O+4L,,,
44112,9.0,7 - 009597,,,2024-04-02,,,227.2,,,,CENTRE NAME B,-O,,fd5a7845-2b68-403b-b2ac-31b26a2cf779,,4L,-O4L,,,
44124,9.0,7 - 009609,,,2024-04-02,,,301.9,,,,CENTRE NAME B,-O,,3e8f638b-9280-49e7-82e8-bb295905f0dd,,O3,-O3,,,
44143,43,7 - 006587,,,2024-02-13,,,250.9,,,,CENTRE NAME A,O+,,2beefdc0-2da5-4ae5-9880-8b20ff078794,,4L,O+4L,,,
44162,25,7 - 005476,,,2024-04-23,,,220.5,,,,CENTRE NAME A,P+,,9af8f6ea-f849-467f-852a-906c756939c5,,+1,P+1,,,
44163,25,7 - 005477,,,2024-04-23,,,251.4,,,,CENTRE NAME A,-O,,96b9f38e-c600-4cc4-ae8b-025b579bb6af,,4L,-O4L,,,
44166,25,7 - 005481,,,2024-04-23,,,244.6,,,,CENTRE NAME A,-O,,dbe16846-6952-4102-bf02-b1c8c8321952,,O3,-O3,,,
33350,3,7 - 000198  SAA,,,2023-03-09,,,279.7,5.7,,,CENTRE NAME A,O+,,307b6a1b-c728-4bcc-acf4-136f654b4c79,,3,O+3,,,
33365,3,7 - 000213  SAA,,,2023-03-09,,,325.6,6.6,,,CENTRE NAME A,O+,,abc94438-9ef6-47a6-9647-2a4c0111fe99,,4H,O+4H,,,
33393,3,7 - 000247  H,,,2023-03-09,,,278.1,5.7,,,CENTRE NAME A,O+,,9a9b9363-b686-4e83-98f9-b10345d17857,,4H,O+4H,,,
33401,3,7 - 000257  S,,,2023-03-09,,,313.4,6.4,,,CENTRE NAME A,O+,,599b5295-1660-48f7-8b1b-61494fe7fb8f,,4L,O+4L,,,
33423,3,7 - 000275  SAA,,,2023-03-09,,,290.9,5.9,,,CENTRE NAME A,O+,,a10fd2a0-c2de-43e9-b168-f9f1dd50e9a3,,4L,O+4L,,,
33428,3,7 - 000278  HAA,,,2023-03-09,,,306.0,6.2,,,CENTRE NAME C,4L,,aaef8b89-3f92-4e01-af76-a83fcecfe24d,,R,R4L,,,
33459,3,7 - 000305  HAA,,,2023-03-09,,,313.6,6.4,,,CENTRE NAME A,O+,,73aac93a-bd7f-4e42-8843-5b6fa9356360,,4H,O+4H,,,
33468,2,7 - 000320  H,,,2023-03-16,,,276.2,5.6,,,CENTRE NAME C,4H,,576abf73-7ebd-4b36-82cd-13dcc5ae96a2,,O+,O+4H,,,
33702,2,7 - 002014,,,2023-03-16,,,275.8,,,,CENTRE NAME C,O+,,e145607d-f135-4900-a295-61773942a02c,,4L,O+4L,,,
33717,2,7 - 002027,,,2023-03-16,,,263.0,,,,CENTRE NAME C,O+,,dbcd1a04-4d70-4bdb-8b2a-185d6ecf5849,,4L,O+4L,,,
33785,2,7 - 002202,,,2023-03-16,,,276.4,,,,CENTRE NAME C,O+,,10fc5193-b249-4c70-9526-c316b8991d10,,4L,O+4L,,,
44103,9.0,7 - 009589,,,2024-04-02,,,231.4,,,,CENTRE NAME B,-O,,21d3b7c7-03e3-4738-a154-50b6eb3355c0,,4L,-O4L,,,
44105,9.0,7 - 009591,,,2024-04-02,,,297.2,,,,CENTRE NAME B,-O,,c415e974-0993-4a38-af16-caf9c7330113,,O3,-O3,,,
44107,9.0,7 - 009593,,,2024-04-02,,,245.6,,,,CENTRE NAME B,-O,,429ecd7c-7c76-4a7e-8ea2-a84b6db136b4,,4L,-O4L,,,
44111,9.0,7 - 009596,,,2024-04-02,,,250.8,,,,CENTRE NAME B,-O,,ead07cf1-8194-478d-a480-be209599e95e,,O3,-O3,,,
44127,9.0,7 - 009612,,,2024-04-02,,,271.4,,,,CENTRE NAME B,-O,,6d2b90b8-67d7-428d-b09b-58f9a61f56eb,,O3,-O3,,,
44158,25,7 - 005468,,,2024-04-23,,,278.3,,,,CENTRE NAME A,-O,,5a9c9653-08d2-47df-b6b0-475855d5267a,,O3,-O3,,,
44172,25,7 - 005490,,,2024-04-23,,,214.2,,,,CENTRE NAME A,-O,,366a60c1-30e1-4940-bf1d-c16f4fe91684,,O3,-O3,,,
44173,25,7 - 005491,,,2024-04-23,,,226.4,,,,CENTRE NAME A,-O,,8647de4f-acec-43b4-b80a-7d367b40d2d1,,O3,-O3,,,
33353,3,7 - 000204  HAA,,,2023-03-09,,,274.0,5.6,,,CENTRE NAME A,O+,,24961180-84c7-4b60-b86d-37c01b72f9b5,,4L,O+4L,,,
33357,3,7 - 000206  SAA,,,2023-03-09,,,291.0,6.0,,,CENTRE NAME A,O+,,acf4d7a0-71c0-47df-816c-f329c66d204b,,4L,O+4L,,,
33461,3,7 - 000313  S,,,2023-03-09,,,314.4,6.4,,,CENTRE NAME A,O+,,c794a9a4-3712-45b8-9e13-539e9cc461f8,,4L,O+4L,,,
33723,2,7 - 002037,,,2023-03-16,,,266.4,,,,CENTRE NAME C,O+,,62b6642f-bab9-4187-baa2-c34c32f0da99,,3,O+3,,,
33798,2,7 - 002217,,,2023-03-16,,,289.0,,,,CENTRE NAME C,R,,f28c4440-3b18-4b5e-aa84-6d1c706b75bb,,3,R3,,,
33794,2,7 - 002207  HAA,,,2023-03-16,,,281.8,,,,CENTRE NAME C,4L,,7a6f5768-be48-4a27-a956-c1582edef8bd,,R,R4L,,,
33807,2,7 - 002228  H,,,2023-03-16,,,254.8,,,,CENTRE NAME C,4L,,ee6baaff-0973-4bbd-950a-25e1b8fd9ffc,,O+,O+4L,,,
35043,18,2 - 005574  H,,,2023-04-25,,,299.5,,,,CENTRE NAME C,4H,,d135f560-fce2-4697-8472-475fa113bfa5,,O+,O+ 4H,,,
33431,3,7 - 000281  S,,,2023-03-09,,,290.6,6.0,,,CENTRE NAME C,4L,,bd6b975e-0547-43f2-9e62-c8459e257806,,O+,O+4L,,,
44108,9.0,7 - 009594,,,2024-04-02,,,241.8,,,,CENTRE NAME B,O+,,6e05d9d5-6117-4125-9f4f-e822e8849b14,,+3,O+3,,,
44123,9.0,7 - 009608,,,2024-04-02,,,259.5,,,,CENTRE NAME B,O+,,66de2643-672c-42f4-aa55-0cb8af9bb980,,+3,O+3,,,
44130,9.0,7 - 009615,,,2024-04-02,,,245.6,,,,CENTRE NAME B,-O,,3a9fbcaf-2ad7-495c-9a65-8e2485c6d76f,,O3,-O3,,,
44132,9.0,7 - 009617,,,2024-04-02,,,223.6,,,,CENTRE NAME B,-O,,86713e67-6161-41a8-95f8-f95c594dbb50,,4L,-O4L,,,
44133,9.0,7 - 009618,,,2024-04-02,,,226.6,,,,CENTRE NAME B,-O,,db8e96cd-8a53-43b8-a241-6cebe548edc1,,O3,-O3,,,
44145,43,7 - 006590,,,2024-02-13,,,253.8,,,,CENTRE NAME A,O+,,4c8610c6-8f50-4673-9e16-e74aaccd83ec,,4L,O+4L,,,
44150,25,7 - 005450,,,2024-04-23,,,271.7,,,,CENTRE NAME A,-O,,c26a3485-77a8-4cc6-a174-9888a89537e1,,O3,-O3,,,
44154,25,7 - 005456,,,2024-04-23,,,272.8,,,,CENTRE NAME A,-O,,6f4331c8-c8f0-4235-a5e9-f26b2b3cf2a5,,O2,-O2,,,
44160,25,7 - 005472,,,2024-04-23,,,265.0,,,,CENTRE NAME A,-O,,0543830f-d978-435f-a6d2-3affb01aa83c,,O3,-O3,,,
44170,25,7 - 005485,,,2024-04-23,,,208.0,,,,CENTRE NAME A,-O,,0c0cc03b-31f2-43ba-b6f5-fdb2a834ca9c,,O2,-O2,,,
33378,3,7 - 000226  SAA,,,2023-03-09,,,284.2,5.8,,,CENTRE NAME A,O+,,dfe4916e-fbf0-4218-9227-3c1b173154e7,,3,O+3,,,
33413,3,7 - 000268  SAA,,,2023-03-09,,,306.4,6.2,,,CENTRE NAME A,O+,,4b315846-1c64-455c-9121-6e27c1dc4d9e,,3,O+3,,,
33425,3,7 - 000276  SAA,,,2023-03-09,,,312.0,6.4,,,CENTRE NAME A,O+,,3ffa7e4d-232c-4d1d-b146-90ea8aa42803,,4L,O+4L,,,
33444,3,7 - 000289  SAA,,,2023-03-09,,,289.6,6.0,,,CENTRE NAME A,O+,,ce6db7ba-255e-43f3-ba67-5fcd4ceb5db6,,4L,O+4L,,,
33471,2,7 - 000327  H,,,2023-03-16,,,276.2,5.6,,,CENTRE NAME C,4L,,b036f307-872d-442c-b59b-a9ff98733ced,,O+,O+4L,,,
33725,2,7 - 002041,,,2023-03-16,,,261.4,,,,CENTRE NAME C,O+,,41bc9ba9-2733-4772-817d-d6c5e9bf2da9,,4L,O+4L,,,
33738,2,7 - 002076,,,2023-03-16,,,285.6,,,,CENTRE NAME C,O+,,534fbf9d-f759-4dbf-be3d-7fae26224280,,4L,O+4L,,,
33767,2,7 - 002124,,,2023-03-16,,,252.3,,,,CENTRE NAME C,O+,,20683aca-2a94-4fbf-aa99-4938547710ca,,4H,O+4H,,,
33770,2,7 - 002126,,,2023-03-16,,,262.0,,,,CENTRE NAME C,O+,,74c7e86f-14d9-4ca4-85c8-02fbbdc21fec,,4L,O+4L,,,
33777,2,7 - 002130,,,2023-03-16,,,259.0,,,,CENTRE NAME C,O+,,ea36d045-53e6-4411-a6ae-bd9a9ddc3678,,4H,O+4H,,,
33788,2,7 - 002203,,,2023-03-16,,,280.2,,,,CENTRE NAME C,O+,,4c28394a-6075-48a2-931f-ecb1cff20437,,4L,O+4L,,,
35040,18,2 - 005572  S,,,2023-04-25,,,314.2,,,,CENTRE NAME C,3,,30af59e6-1ced-4d0b-82af-c1b2c3b8562b,,R,R3,,,
44118,9.0,7 - 009603,,,2024-04-02,,,252.8,,,,CENTRE NAME B,-O,,c6606413-32f6-48c4-bd0c-e975206ecfa6,,O3,-O3,,,
44135,9.0,7 - 009625,,,2024-04-02,,,238.2,,,,CENTRE NAME B,-O,,60abe2c3-a4a2-45a0-a1ac-6c050a23edc5,,4L,-O4L,,,
44138,9.0,7 - 009641,,,2024-04-02,,,251.2,,,,CENTRE NAME B,-O,,6355ee6d-2b7f-41ef-a572-680669f2c8e8,,O3,-O3,,,
44159,25,7 - 005469,,,2024-04-23,,,208.4,,,,CENTRE NAME A,-O,,c053432e-39c6-432c-b00a-701ea8574551,,O3,-O3,,,
44164,25,7 - 005478,,,2024-04-23,,,228.4,,,,CENTRE NAME A,-O,,9752003e-df4a-483c-ac38-ca254b62cb3a,,O3,-O3,,,
44167,25,7 - 005482,,,2024-04-23,,,262.4,,,,CENTRE NAME A,-O,,5827ff23-bbd1-48c7-a099-84122d168ac7,,O3,-O3,,,
44175,25,7 - 005496,,,2024-04-23,,,260.4,,,,CENTRE NAME A,P+,,b299fe63-d3b1-4679-9697-3f264bd6a42f,,+2,P+2,,,
44176,25,7 - 005497,,,2024-04-23,,,256.2,,,,CENTRE NAME A,P+,,848faff4-2437-43e4-b4ff-cd23fc286d2b,,+2,P+2,,,
33405,3,7 - 000258  HAA,,,2023-03-09,,,282.0,5.8,,,CENTRE NAME A,R,,92791ba9-9ef0-428c-8491-94a3d68cd64c,,4H,R4H,,,
33434,3,7 - 000282  SAA,,,2023-03-09,,,285.8,5.8,,,CENTRE NAME A,R,,8f32d77c-b2e8-4b8a-9bcc-9fc078370e3f,,4L,R4L,,,
33437,3,7 - 000287  SAA,,,2023-03-09,,,291.2,6.0,,,CENTRE NAME A,O+,,7657550f-b2af-46c9-a2d2-e500b8137e6e,,4H,O+4H,,,
33450,3,7 - 000294  SAA,,,2023-03-09,,,285.2,5.8,,,CENTRE NAME A,O+,,9a5d8d16-4004-4585-b500-3484bf8d8cd2,,4L,O+4L,,,
33473,3,7 - 000328  SAA,,,2023-03-09,,,303.4,6.2,,,CENTRE NAME A,O+,,3e3814ed-dd36-4f8f-a95b-c83696470c1e,,3,O+3,,,
33765,2,7 - 002122,,,2023-03-16,,,267.0,,,,CENTRE NAME C,O+,,5f093683-cd91-483a-9d7c-0a85462dcb21,,4L,O+4L,,,
33359,3,7 - 000207  SAA,,,2023-03-09,,,306.4,6.2,,,CENTRE NAME C,4L,,94ef4975-18ad-47fc-ad00-47860bfe378d,,O+,O+4L,,,
33729,2,7 - 002063  HAA,,,2023-03-16,,,282.8,,,,CENTRE NAME C,4L,,a696591b-d1de-4f1e-bfdf-9d68a0d691cb,,O+,O+4L,,,
44099,9.0,7 - 009585,,,2024-04-02,,,209.4,,,,CENTRE NAME B,-O,,ee190171-ca2b-4a88-9a71-86024433464c,,4L,-O4L,,,
44100,9.0,7 - 009586,,,2024-04-02,,,229.9,,,,CENTRE NAME B,-O,,7b7a7362-09be-4ab1-8de1-f0241d79eb80,,O3,-O3,,,
44102,9.0,7 - 009588,,,2024-04-02,,,272.6,,,,CENTRE NAME B,-O,,771c01c2-a602-4d4c-a343-f35d6c78ec19,,O3,-O3,,,
44106,9.0,7 - 009592,,,2024-04-02,,,234.0,,,,CENTRE NAME B,-O,,e7881883-ad23-45b4-9d6f-d1ab18c297d9,,4L,-O4L,,,
44109,9.0,7 - 009595,,,2024-04-02,,,298.6,,,,CENTRE NAME B,-O,,ce4d4f46-2b0a-4a6e-9ab5-679659c5557a,,4L,-O4L,,,
44115,9.0,7 - 009600,,,2024-04-02,,,265.8,,,,CENTRE NAME B,-O,,4df4bf16-ae17-462f-8f08-d54c9155eea1,,O3,-O3,,,
44120,9.0,7 - 009605,,,2024-04-02,,,259.7,,,,CENTRE NAME B,-O,,65abafdc-a9b7-4f94-83ec-4bb255e44ec1,,O2,-O2,,,
44129,9.0,7 - 009614,,,2024-04-02,,,259.1,,,,CENTRE NAME B,-O,,2cc23a10-8a6c-4815-81e9-5c71c7a77914,,O3,-O3,,,
44134,9.0,7 - 009624,,,2024-04-02,,,241.8,,,,CENTRE NAME B,-O,,417225e4-d671-486f-853e-685e0fa8c4d1,,O3,-O3,,,
44139,9.0,7 - 009642,,,2024-04-02,,,270.1,,,,CENTRE NAME B,-O,,b8fef6d0-3114-4471-8203-fe0b324cf97b,,O3,-O3,,,
44140,43,7 - 006581,,,2024-02-13,,,229.0,,,,CENTRE NAME A,-O,,65f487a5-84e6-477b-a155-72076465193a,,4L,-O4L,,,
44141,43,7 - 006583,,,2024-02-13,,,247.2,,,,CENTRE NAME A,O+,,04f40950-8f7b-4a22-a185-b632991f5d1a,,+3,O+3,,,
44148,43,7 - 006605,,,2024-02-13,,,253.4,,,,CENTRE NAME A,O+,,d105e5cb-b6f8-4b0d-88cd-281fc47e0217,,4L,O+4L,,,
44156,25,7 - 005461,,,2024-04-23,,,265.2,,,,CENTRE NAME A,-O,,52986aaa-9c04-4bfa-bfa1-4f19f07681cf,,O2,-O2,,,
44161,25,7 - 005474,,,2024-04-23,,,218.8,,,,CENTRE NAME A,-O,,2990acf6-d45e-490e-a3c3-cf58884af2ab,,O3,-O3,,,
44171,25,7 - 005486,,,2024-04-23,,,284.6,,,,CENTRE NAME A,-O,,31eac5fd-2662-4c6b-8c19-c5278b07e200,,O3,-O3,,,
44174,25,7 - 005492,,,2024-04-23,,,278.9,,,,CENTRE NAME A,-O,,595efe9c-c095-4374-ad95-2777b5604f37,,O3,-O3,,,
33380,3,7 - 000229  SAA,,,2023-03-09,,,289.1,5.9,,,CENTRE NAME A,O+,,4bf63f47-bd63-4c0c-a826-0028fa35bed7,,4L,O+4L,,,
33708,2,7 - 002017,,,2023-03-16,,,275.4,,,,CENTRE NAME C,O+,,9bf75b6b-81c9-491a-92eb-117622af2596,,3,O+3,,,
33720,2,7 - 002033,,,2023-03-16,,,247.8,,,,CENTRE NAME C,O+,,ee195c95-8a17-484b-905a-e51ba97db105,,4L,O+4L,,,
33744,2,7 - 002088,,,2023-03-16,,,264.0,,,,CENTRE NAME C,O+,,797565bb-9968-444b-9af2-9eac79ca44c6,,4L,O+4L,,,
33779,2,7 - 002131,,,2023-03-16,,,289.7,,,,CENTRE NAME C,O+,,18082121-85e5-4058-97cd-572766f087d5,,4L,O+4L,,,
33801,2,7 - 002220,,,2023-03-16,,,280.8,,,,CENTRE NAME C,R,,8cf7af38-5759-4525-aac2-96fdc0a6010d,,3,R3,,,
35047,18,2 - 005579  H,,,2023-04-25,,,293.8,,,,CENTRE NAME C,4L,,f72c65b9-046d-4017-996c-06a1c692ad07,,O+,O+4L,,,
33441,3,7 - 000288  HAA,,,2023-03-09,,,298.9,6.1,,,CENTRE NAME C,4L,,3cbdf922-6d25-4a37-96de-2c76d8e27744,,O+,O+4L,,,
33791,2,7 - 002204  HAA,,,2023-03-16,,,264.4,,,,CENTRE NAME C,4H,,6b25474f-866e-4efa-bbe9-ae9f50c78b4a,,O+,O+4H,,,
44116,9.0,7 - 009601,,,2024-04-02,,,260.6,,,,CENTRE NAME B,-O,,ead78669-f157-494e-9345-a6a9d45ce623,,O3,-O3,,,
44119,9.0,7 - 009604,,,2024-04-02,,,226.4,,,,CENTRE NAME B,-O,,49122c85-c7e7-4c14-b789-01facd490b2b,,4L,-O4L,,,
44125,9.0,7 - 009610,,,2024-04-02,,,239.5,,,,CENTRE NAME B,-O,,4ffa997c-8b3e-40af-a6d4-e806b0acef59,,O3,-O3,,,
44126,9.0,7 - 009611,,,2024-04-02,,,217.2,,,,CENTRE NAME B,-O,,5b34f6b4-21f5-4ead-b8db-21a17ba34064,,O3,-O3,,,
44131,9.0,7 - 009616,,,2024-04-02,,,210.2,,,,CENTRE NAME B,-O,,e96b5f3d-1e36-4ce6-b1c1-d4a0d88a8fed,,O2,-O2,,,
44149,43,7 - 006609,,,2024-02-13,,,248.0,,,,CENTRE NAME A,O+,,af928aaa-59f6-4056-ab3b-f9dcd1ac3aa4,,4L,O+4L,,,
44151,25,7 - 005452,,,2024-04-23,,,247.2,,,,CENTRE NAME A,-O,,4bfe6032-bbe1-485e-8b29-2aa4a92ee6f1,,O3,-O3,,,
44152,25,7 - 005453,,,2024-04-23,,,251.1,,,,CENTRE NAME A,-O,,7ce69f8f-5ae4-40c1-80b2-d8399f1edb64,,O2,-O2,,,
44177,25,7 - 005498,,,2024-04-23,,,266.0,,,,CENTRE NAME A,-O,,8b9c0475-b9bc-4ba3-9502-ccd88983b7eb,,O3,-O3,,,
33368,3,7 - 000214  SAA,,,2023-03-09,,,293.2,6.0,,,CENTRE NAME A,O+,,204c79ea-7f9a-443f-866f-6005b2594f18,,3,O+3,,,
33384,3,7 - 000234  SAA,,,2023-03-09,,,269.7,5.5,,,CENTRE NAME A,O+,,3769fe44-8393-4fff-a46c-a8e88b86fa0a,,3,O+3,,,
33387,3,7 - 000240  SAA,,,2023-03-09,,,305.2,6.2,,,CENTRE NAME A,R,,da54e5a2-fbfb-4b1d-8ec7-c4d5f6ed26ed,,4L,R4L,,,
33416,3,7 - 000270  HAA,,,2023-03-09,,,282.8,5.8,,,CENTRE NAME A,O+,,54e8cc83-b361-481e-a243-c7da1171c9f1,,4L,O+4L,,,
33452,3,7 - 000298  SAA,,,2023-03-09,,,292.0,6.0,,,CENTRE NAME A,O+,,3f5016c5-dcc8-4703-9591-0a49ceeb8e42,,4L,O+4L,,,
33456,3,7 - 000300  H,,,2023-03-09,,,289.1,5.9,,,CENTRE NAME C,4H,,6dd09559-842f-400f-b1de-3e824510afc5,,R,R4H,,,
33704,2,7 - 002015,,,2023-03-16,,,275.8,,,,CENTRE NAME C,O+,,7cc80a5c-c9cd-4f94-9c03-206e273ba25e,,4L,O+4L,,,
33714,2,7 - 002023,,,2023-03-16,,,268.4,,,,CENTRE NAME C,O+,,a1075b21-93bf-4250-83a2-27a2f1dfc7f7,,3,O+3,,,
33735,2,7 - 002074,,,2023-03-16,,,270.9,,,,CENTRE NAME C,O+,,10675540-984d-4638-a65f-c875e78dd191,,4L,O+4L,,,
33740,2,7 - 002085,,,2023-03-16,,,260.1,,,,CENTRE NAME C,O+,,3873163d-60a2-440b-91aa-e9903ea15236,,4L,O+4L,,,
33753,2,7 - 002106,,,2023-03-16,,,259.1,,,,CENTRE NAME C,O+,,82f1eae4-3385-4478-a5ea-70cd428474f3,,4L,O+4L,,,
33759,2,7 - 002112,,,2023-03-16,,,274.0,,,,CENTRE NAME C,O+,,5776f066-a82c-4f55-99be-d1e3be638c19,,4H,O+4H,,,
33750,2,7 - 002096  HAA,,,2023-03-16,,,271.3,,,,CENTRE NAME C,4L,,204f1a14-0a08-4e81-8d01-bbd8984e47dd,,O+,O+4L,,,
33803,2,7 - 002227,,,2023-03-16,,,252.4,,,,CENTRE NAME C,R,,a7ca25f7-d17f-41ce-9f6a-f9df97c5b5d5,,4H,R4H,,,
44101,9.0,7 - 009587,,,2024-04-02,,,205.8,,,,CENTRE NAME B,-O,,c8e42b20-ae5c-4776-8eed-8b0bf6db4837,,4L,-O4L,,,
44113,9.0,7 - 009598,,,2024-04-02,,,220.6,,,,CENTRE NAME B,-O,,f068c0bd-12be-4798-b721-3fecbfd6f223,,O3,-O3,,,
44117,9.0,7 - 009602,,,2024-04-02,,,303.8,,,,CENTRE NAME B,-O,,f161da6c-1ac0-4ae0-a5ac-6a2e60cf25dd,,O3,-O3,,,
44122,9.0,7 - 009607,,,2024-04-02,,,279.1,,,,CENTRE NAME B,-O,,85dba3b1-819b-4c61-b64c-9584d64f9236,,O3,-O3,,,
44136,9.0,7 - 009628,,,2024-04-02,,,214.2,,,,CENTRE NAME B,-O,,affc71e8-ae23-49d1-b03c-15f85d55cb0a,,O3,-O3,,,
44137,9.0,7 - 009631,,,2024-04-02,,,255.4,,,,CENTRE NAME B,O+,,8c6748b0-8942-4ac3-8af2-95c9732c595c,,+3,O+3,,,
44168,25,7 - 005483,,,2024-04-23,,,245.8,,,,CENTRE NAME A,-O,,948ac2a7-1ca1-4ac8-8d25-7c93a0f6e5b6,,O3,-O3,,,
44169,25,7 - 005484,,,2024-04-23,,,274.6,,,,CENTRE NAME A,-O,,a3c8002c-90b9-4997-a3ec-44db850810d2,,O3,-O3,,,
