SchemaName,TableName,Column Name,Data type,Max Length,precision,scale,is_nullable
Aggregator,Aggregator,agg_code,varchar,20,0,0,0
Aggregator,Aggregator,description,varchar,50,0,0,1
Aggregator,Aggregator,id,int,4,10,0,0
Aggregator,coinsurance_override,affinity,varchar,3,0,0,0
Aggregator,coinsurance_override,aggregator_id,int,4,10,0,0
Aggregator,coinsurance_override,force_coinsurance,bit,1,1,0,0
Aggregator,cover_configuration_override,affinity,char,3,0,0,0
Aggregator,cover_configuration_override,aggregator_id,int,4,10,0,0
Aggregator,cover_configuration_override,cover_id,int,4,10,0,0
Aggregator,cover_configuration_override,excess,decimal,9,15,5,1
Aggregator,cover_configuration_override,id,int,4,10,0,0
Audit,lead,DeletedDateTimeStamp,datetime,8,23,3,1
Audit,lead,Id,int,4,10,0,0
Audit,lead,LastUpdateDateTimeStamp,datetime,8,23,3,1
dbo,aggregator,address1,varchar,32,0,0,1
dbo,aggregator,address2,varchar,32,0,0,1
dbo,aggregator,address3,varchar,32,0,0,1
dbo,aggregator,address4,varchar,32,0,0,1
dbo,aggregator,affinity,varchar,3,0,0,0
dbo,aggregator,all_pet_names,varchar,1000,0,0,1
dbo,aggregator,client_ip_address,varchar,20,0,0,1
dbo,aggregator,contact_num_day,varchar,32,0,0,1
dbo,aggregator,contact_num_eve,varchar,32,0,0,1
dbo,aggregator,create_timestamp,smalldatetime,4,16,0,0
dbo,aggregator,date_of_birth,date,3,10,0,1
dbo,aggregator,email,varchar,64,0,0,1
dbo,aggregator,forename,varchar,32,0,0,1
dbo,aggregator,house,varchar,50,0,0,1
dbo,aggregator,id,int,4,10,0,0
dbo,aggregator,lead_id,int,4,10,0,1
dbo,aggregator,opt_out_marketing,varchar,1,0,0,1
dbo,aggregator,policy_start_date,date,3,10,0,1
dbo,aggregator,postcode,varchar,16,0,0,0
dbo,aggregator,promo_code,varchar,10,0,0,1
dbo,aggregator,quote_id,int,4,10,0,1
dbo,aggregator,quote_ref,varchar,16,0,0,1
dbo,aggregator,remote_reference,nvarchar,100,0,0,1
dbo,aggregator,source,varchar,64,0,0,0
dbo,aggregator,status_id,int,4,10,0,1
dbo,aggregator,suffix_id,int,4,10,0,1
dbo,aggregator,surname,varchar,32,0,0,1
dbo,aggregator,title,varchar,32,0,0,1
dbo,aggregator,update_timestamp,smalldatetime,4,16,0,0
dbo,aggregator_archive,address1,varchar,32,0,0,1
dbo,aggregator_archive,address2,varchar,32,0,0,1
dbo,aggregator_archive,address3,varchar,32,0,0,1
dbo,aggregator_archive,address4,varchar,32,0,0,1
dbo,aggregator_archive,affinity,varchar,3,0,0,0
dbo,aggregator_archive,all_pet_names,varchar,1000,0,0,1
dbo,aggregator_archive,client_ip_address,varchar,20,0,0,1
dbo,aggregator_archive,contact_num_day,varchar,32,0,0,1
dbo,aggregator_archive,contact_num_eve,varchar,32,0,0,1
dbo,aggregator_archive,create_timestamp,smalldatetime,4,16,0,0
dbo,aggregator_archive,date_of_birth,date,3,10,0,1
dbo,aggregator_archive,email,varchar,64,0,0,1
dbo,aggregator_archive,forename,varchar,32,0,0,1
dbo,aggregator_archive,house,varchar,50,0,0,1
dbo,aggregator_archive,id,int,4,10,0,0
dbo,aggregator_archive,lead_id,int,4,10,0,1
dbo,aggregator_archive,opt_out_marketing,varchar,1,0,0,1
dbo,aggregator_archive,policy_start_date,date,3,10,0,1
dbo,aggregator_archive,postcode,varchar,16,0,0,0
dbo,aggregator_archive,promo_code,varchar,10,0,0,1
dbo,aggregator_archive,quote_id,int,4,10,0,1
dbo,aggregator_archive,quote_ref,varchar,16,0,0,1
dbo,aggregator_archive,remote_reference,nvarchar,100,0,0,1
dbo,aggregator_archive,source,varchar,64,0,0,0
dbo,aggregator_archive,status_id,int,4,10,0,1
dbo,aggregator_archive,suffix_id,int,4,10,0,1
dbo,aggregator_archive,surname,varchar,32,0,0,1
dbo,aggregator_archive,title,varchar,32,0,0,1
dbo,aggregator_archive,update_timestamp,smalldatetime,4,16,0,0
dbo,aggregator_detail,description,varchar,50,0,0,0
dbo,aggregator_detail,id,int,4,10,0,0
dbo,aggregator_detail,referrer_code,varchar,20,0,0,0
dbo,aggregator_detail,sales_channel,int,4,10,0,0
dbo,aggregator_pet,aggregator_id,int,4,10,0,0
dbo,aggregator_pet,animal_type,char,1,0,0,1
dbo,aggregator_pet,breed_id,int,4,10,0,1
dbo,aggregator_pet,colour,varchar,50,0,0,1
dbo,aggregator_pet,create_timestamp,smalldatetime,4,16,0,0
dbo,aggregator_pet,dominantbreed_id,int,4,10,0,1
dbo,aggregator_pet,id,int,4,10,0,0
dbo,aggregator_pet,kept_at_home,bit,1,1,0,1
dbo,aggregator_pet,microchip,varchar,32,0,0,1
dbo,aggregator_pet,neutered,bit,1,1,0,1
dbo,aggregator_pet,not_breeding,bit,1,1,0,1
dbo,aggregator_pet,not_hunting,bit,1,1,0,1
dbo,aggregator_pet,not_racing,bit,1,1,0,1
dbo,aggregator_pet,not_working,bit,1,1,0,1
dbo,aggregator_pet,original_breed_id,int,4,10,0,1
dbo,aggregator_pet,owned,bit,1,1,0,1
dbo,aggregator_pet,pet_DOB,date,3,10,0,1
dbo,aggregator_pet,pet_name,varchar,64,0,0,1
dbo,aggregator_pet,pet_number,bigint,8,19,0,1
dbo,aggregator_pet,pricing_engine_id,bigint,8,19,0,1
dbo,aggregator_pet,purchase_price,money,8,19,4,1
dbo,aggregator_pet,sex,char,1,0,0,1
dbo,aggregator_pet,sick,bit,1,1,0,1
dbo,aggregator_pet,update_timestamp,smalldatetime,4,16,0,0
dbo,aggregator_pet,vetvisit,bit,1,1,0,1
dbo,aggregator_pet,vol_excess,money,8,19,4,1
dbo,aggregator_pet_archive,aggregator_id,int,4,10,0,0
dbo,aggregator_pet_archive,animal_type,char,1,0,0,1
dbo,aggregator_pet_archive,breed_id,int,4,10,0,1
dbo,aggregator_pet_archive,colour,varchar,50,0,0,1
dbo,aggregator_pet_archive,create_timestamp,smalldatetime,4,16,0,0
dbo,aggregator_pet_archive,id,int,4,10,0,0
dbo,aggregator_pet_archive,kept_at_home,bit,1,1,0,1
dbo,aggregator_pet_archive,microchip,varchar,32,0,0,1
dbo,aggregator_pet_archive,neutered,bit,1,1,0,1
dbo,aggregator_pet_archive,not_breeding,bit,1,1,0,1
dbo,aggregator_pet_archive,not_hunting,bit,1,1,0,1
dbo,aggregator_pet_archive,not_racing,bit,1,1,0,1
dbo,aggregator_pet_archive,not_working,bit,1,1,0,1
dbo,aggregator_pet_archive,original_breed_id,int,4,10,0,1
dbo,aggregator_pet_archive,owned,bit,1,1,0,1
dbo,aggregator_pet_archive,pet_DOB,date,3,10,0,1
dbo,aggregator_pet_archive,pet_name,varchar,64,0,0,1
dbo,aggregator_pet_archive,pricing_engine_id,bigint,8,19,0,1
dbo,aggregator_pet_archive,purchase_price,money,8,19,4,1
dbo,aggregator_pet_archive,sex,char,1,0,0,1
dbo,aggregator_pet_archive,sick,bit,1,1,0,1
dbo,aggregator_pet_archive,update_timestamp,smalldatetime,4,16,0,0
dbo,aggregator_pet_archive,vetvisit,bit,1,1,0,1
dbo,aggregator_pet_archive,vol_excess,money,8,19,4,1
dbo,aggregator_request,datetimestamp,datetime,8,23,3,1
dbo,aggregator_request,id,int,4,10,0,0
dbo,aggregator_request,request,text,16,0,0,1
dbo,aggregator_request,response,text,16,0,0,1
dbo,AggregatorQuoteCosmosError,address1,varchar,-1,0,0,1
dbo,AggregatorQuoteCosmosError,address2,varchar,-1,0,0,1
dbo,AggregatorQuoteCosmosError,address3,varchar,-1,0,0,1
dbo,AggregatorQuoteCosmosError,address4,varchar,-1,0,0,1
dbo,AggregatorQuoteCosmosError,affinity,varchar,-1,0,0,1
dbo,AggregatorQuoteCosmosError,aggregator_id,int,4,10,0,1
dbo,AggregatorQuoteCosmosError,aggregatorPet_create_timestamp,smalldatetime,4,16,0,1
dbo,AggregatorQuoteCosmosError,aggregatorPet_id,int,4,10,0,1
dbo,AggregatorQuoteCosmosError,aggregatorPet_update_timestamp,smalldatetime,4,16,0,1
dbo,AggregatorQuoteCosmosError,all_pet_names,varchar,-1,0,0,1
dbo,AggregatorQuoteCosmosError,animal_type,char,1,0,0,1
dbo,AggregatorQuoteCosmosError,breed_id,int,4,10,0,1
dbo,AggregatorQuoteCosmosError,client_ip_address,varchar,-1,0,0,1
dbo,AggregatorQuoteCosmosError,colour,varchar,-1,0,0,1
dbo,AggregatorQuoteCosmosError,contact_num_day,varchar,-1,0,0,1
dbo,AggregatorQuoteCosmosError,contact_num_eve,varchar,-1,0,0,1
dbo,AggregatorQuoteCosmosError,create_timestamp,smalldatetime,4,16,0,1
dbo,AggregatorQuoteCosmosError,date_of_birth,date,3,10,0,1
dbo,AggregatorQuoteCosmosError,email,varchar,-1,0,0,1
dbo,AggregatorQuoteCosmosError,forename,varchar,-1,0,0,1
dbo,AggregatorQuoteCosmosError,house,varchar,-1,0,0,1
dbo,AggregatorQuoteCosmosError,id,int,4,10,0,1
dbo,AggregatorQuoteCosmosError,kept_at_home,bit,1,1,0,1
dbo,AggregatorQuoteCosmosError,lead_id,int,4,10,0,1
dbo,AggregatorQuoteCosmosError,microchip,varchar,-1,0,0,1
dbo,AggregatorQuoteCosmosError,neutered,bit,1,1,0,1
dbo,AggregatorQuoteCosmosError,not_breeding,bit,1,1,0,1
dbo,AggregatorQuoteCosmosError,not_hunting,bit,1,1,0,1
dbo,AggregatorQuoteCosmosError,not_racing,bit,1,1,0,1
dbo,AggregatorQuoteCosmosError,not_working,bit,1,1,0,1
dbo,AggregatorQuoteCosmosError,opt_out_marketing,varchar,-1,0,0,1
dbo,AggregatorQuoteCosmosError,original_breed_id,int,4,10,0,1
dbo,AggregatorQuoteCosmosError,owned,bit,1,1,0,1
dbo,AggregatorQuoteCosmosError,pet_DOB,date,3,10,0,1
dbo,AggregatorQuoteCosmosError,pet_name,varchar,-1,0,0,1
dbo,AggregatorQuoteCosmosError,pet_number,bigint,8,19,0,1
dbo,AggregatorQuoteCosmosError,policy_start_date,date,3,10,0,1
dbo,AggregatorQuoteCosmosError,postcode,varchar,-1,0,0,1
dbo,AggregatorQuoteCosmosError,pricing_engine_id,bigint,8,19,0,1
dbo,AggregatorQuoteCosmosError,promo_code,varchar,-1,0,0,1
dbo,AggregatorQuoteCosmosError,purchase_price,money,8,19,4,1
dbo,AggregatorQuoteCosmosError,quote_id,int,4,10,0,1
dbo,AggregatorQuoteCosmosError,quote_ref,varchar,-1,0,0,1
dbo,AggregatorQuoteCosmosError,remote_reference,nvarchar,-1,0,0,1
dbo,AggregatorQuoteCosmosError,sex,char,1,0,0,1
dbo,AggregatorQuoteCosmosError,sick,bit,1,1,0,1
dbo,AggregatorQuoteCosmosError,source,varchar,-1,0,0,1
dbo,AggregatorQuoteCosmosError,status_id,int,4,10,0,1
dbo,AggregatorQuoteCosmosError,suffix_id,int,4,10,0,1
dbo,AggregatorQuoteCosmosError,surname,varchar,-1,0,0,1
dbo,AggregatorQuoteCosmosError,title,varchar,-1,0,0,1
dbo,AggregatorQuoteCosmosError,update_timestamp,smalldatetime,4,16,0,1
dbo,AggregatorQuoteCosmosError,vetvisit,bit,1,1,0,1
dbo,AggregatorQuoteCosmosError,vol_excess,money,8,19,4,1
dbo,animal_type,description,varchar,64,0,0,0
dbo,animal_type,id,int,4,10,0,0
dbo,ApplicationType,Description,varchar,100,0,0,0
dbo,ApplicationType,Id,int,4,10,0,0
dbo,azure_storage_quote_pet,azure_storage_id,uniqueidentifier,16,0,0,0
dbo,azure_storage_quote_pet,quote_pet_id,int,4,10,0,0
dbo,bad_quotes_adu_20160722,affinity,varchar,3,0,0,1
dbo,bad_quotes_adu_20160722,agg_remote_ref,nvarchar,100,0,0,1
dbo,bad_quotes_adu_20160722,agree_contact,bit,1,1,0,1
dbo,bad_quotes_adu_20160722,agree_contact_email,bit,1,1,0,1
dbo,bad_quotes_adu_20160722,agree_contact_letter,bit,1,1,0,1
dbo,bad_quotes_adu_20160722,agree_contact_phone,bit,1,1,0,1
dbo,bad_quotes_adu_20160722,agree_contact_SMS,bit,1,1,0,1
dbo,bad_quotes_adu_20160722,agree_illvac_excl,bit,1,1,0,1
dbo,bad_quotes_adu_20160722,agree_preexisting_excl,bit,1,1,0,1
dbo,bad_quotes_adu_20160722,agree_terms,bit,1,1,0,1
dbo,bad_quotes_adu_20160722,agree_vicious_excl,bit,1,1,0,1
dbo,bad_quotes_adu_20160722,agree_waiting_excl,bit,1,1,0,1
dbo,bad_quotes_adu_20160722,all_pet_names,varchar,1000,0,0,1
dbo,bad_quotes_adu_20160722,annual_premium,money,8,19,4,1
dbo,bad_quotes_adu_20160722,ClientIpAddress,nvarchar,40,0,0,1
dbo,bad_quotes_adu_20160722,confirm_excluded_breeds,bit,1,1,0,0
dbo,bad_quotes_adu_20160722,contact_num,varchar,32,0,0,1
dbo,bad_quotes_adu_20160722,converted_systuser_id,int,4,10,0,1
dbo,bad_quotes_adu_20160722,county,varchar,32,0,0,1
dbo,bad_quotes_adu_20160722,cover_id,int,4,10,0,1
dbo,bad_quotes_adu_20160722,create_timestamp,smalldatetime,4,16,0,0
dbo,bad_quotes_adu_20160722,created_systuser_id,int,4,10,0,1
dbo,bad_quotes_adu_20160722,DOB,smalldatetime,4,16,0,1
dbo,bad_quotes_adu_20160722,email,varchar,64,0,0,1
dbo,bad_quotes_adu_20160722,email_sent,tinyint,1,3,0,1
dbo,bad_quotes_adu_20160722,enquiry_method_code,char,1,0,0,1
dbo,bad_quotes_adu_20160722,forename,varchar,32,0,0,1
dbo,bad_quotes_adu_20160722,hear_about_us_id,int,4,10,0,1
dbo,bad_quotes_adu_20160722,home_insurance_due,varchar,4,0,0,1
dbo,bad_quotes_adu_20160722,house_name_num,varchar,50,0,0,1
dbo,bad_quotes_adu_20160722,id,int,4,10,0,0
dbo,bad_quotes_adu_20160722,min_cover_ordinal,int,4,10,0,1
dbo,bad_quotes_adu_20160722,modified_systuser_id,int,4,10,0,1
dbo,bad_quotes_adu_20160722,motor_insurance_due,varchar,4,0,0,1
dbo,bad_quotes_adu_20160722,occupation_id,int,4,10,0,1
dbo,bad_quotes_adu_20160722,opt_out_marketing,varchar,1,0,0,1
dbo,bad_quotes_adu_20160722,other_policies,varchar,1024,0,0,1
dbo,bad_quotes_adu_20160722,payment_detail_id,uniqueidentifier,16,0,0,1
dbo,bad_quotes_adu_20160722,policy_start_date,smalldatetime,4,16,0,1
dbo,bad_quotes_adu_20160722,postcode,varchar,16,0,0,1
dbo,bad_quotes_adu_20160722,premium,money,8,19,4,1
dbo,bad_quotes_adu_20160722,product_excess_id,int,4,10,0,1
dbo,bad_quotes_adu_20160722,product_id,int,4,10,0,0
dbo,bad_quotes_adu_20160722,promo_code,nvarchar,20,0,0,1
dbo,bad_quotes_adu_20160722,quote_ref,varchar,16,0,0,1
dbo,bad_quotes_adu_20160722,quote_status_id,int,4,10,0,1
dbo,bad_quotes_adu_20160722,ReferrerID,nvarchar,100,0,0,1
dbo,bad_quotes_adu_20160722,schedule_doc,image,16,0,0,1
dbo,bad_quotes_adu_20160722,street,varchar,32,0,0,1
dbo,bad_quotes_adu_20160722,street2,varchar,64,0,0,1
dbo,bad_quotes_adu_20160722,surname,varchar,32,0,0,1
dbo,bad_quotes_adu_20160722,title_id,int,4,10,0,1
dbo,bad_quotes_adu_20160722,town,varchar,32,0,0,1
dbo,bad_quotes_adu_20160722,update_timestamp,smalldatetime,4,16,0,0
dbo,bad_quotes_adu_20160722,VFV_clinic,varchar,32,0,0,1
dbo,bad_quotes_adu_20160722,VFV_ClinicID,int,4,10,0,1
dbo,BlacklistedLead,LeadId,int,4,10,0,0
dbo,BlacklistedLead,UpdatedDateTime,datetime,8,23,3,0
dbo,BlacklistedQuote,QuoteId,int,4,10,0,0
dbo,BlacklistedQuote,UpdatedDateTime,datetime,8,23,3,0
dbo,BlockedBreed,breedId,int,4,10,0,0
dbo,BlockedBreed,productId,int,4,10,0,0
dbo,blog,affinity,varchar,3,0,0,0
dbo,blog,blog,ntext,16,0,0,1
dbo,blog,blogmonth,char,3,0,0,1
dbo,blog,blogyear,int,4,10,0,1
dbo,blog,heading,nvarchar,200,0,0,0
dbo,blog,id,int,4,10,0,0
dbo,blog,show,bit,1,1,0,0
dbo,breed,animal_type_id,int,4,10,0,0
dbo,breed,breed_category_id,int,4,10,0,1
dbo,breed,description,varchar,64,0,0,0
dbo,breed,id,int,4,10,0,0
dbo,breed,map_to_breed_id,int,4,10,0,1
dbo,breed_category,animal_type_id,int,4,10,0,1
dbo,breed_category,default_breed_id,int,4,10,0,1
dbo,breed_category,description,varchar,50,0,0,1
dbo,breed_category,id,int,4,10,0,0
dbo,breed_group,animal_type_id,int,4,10,0,0
dbo,breed_group,breed_group_code,char,1,0,0,0
dbo,breed_group,description,varchar,20,0,0,0
dbo,breed_group,ordinal,tinyint,1,3,0,0
dbo,card_type,description,varchar,64,0,0,0
dbo,card_type,id,int,4,10,0,0
dbo,card_type,value,varchar,16,0,0,0
dbo,charity,active,bit,1,1,0,0
dbo,charity,description,nvarchar,200,0,0,1
dbo,charity,id,int,4,10,0,0
dbo,charity,ordinal,int,4,10,0,0
dbo,charity,product_id,int,4,10,0,1
dbo,clinic,area_id,int,4,10,0,0
dbo,clinic,claim_vet_id,int,4,10,0,1
dbo,clinic,clinic_group_id,int,4,10,0,1
dbo,clinic,description,nvarchar,128,0,0,0
dbo,clinic,id,int,4,10,0,0
dbo,clinic,product_id,int,4,10,0,0
dbo,clinic,renewal_area_id,int,4,10,0,1
dbo,clinic,status,tinyint,1,3,0,1
dbo,clinic_group,active,bit,1,1,0,1
dbo,clinic_group,description,nvarchar,200,0,0,0
dbo,clinic_group,id,int,4,10,0,0
dbo,clinic_group,referrer_code,varchar,50,0,0,1
dbo,clinic_group,service_profile,int,4,10,0,1
dbo,cookie_dump,aid,int,4,10,0,1
dbo,cookie_dump,datetimestamp,datetime,8,23,3,1
dbo,cookie_dump,id,int,4,10,0,0
dbo,cookie_dump,ip_address,varchar,20,0,0,1
dbo,cookie_dump,source,varchar,50,0,0,1
dbo,cover,active,int,4,10,0,1
dbo,cover,affinity_code,varchar,4,0,0,1
dbo,cover,animal_type_id,int,4,10,0,1
dbo,cover,cover_effective_date,datetime,8,23,3,1
dbo,cover,cover_inactive_date,datetime,8,23,3,1
dbo,cover,cover_type,nvarchar,60,0,0,1
dbo,cover,description,varchar,256,0,0,0
dbo,cover,email_ordinal,int,4,10,0,1
dbo,cover,id,int,4,10,0,0
dbo,cover,IsCoinsurance,bit,1,1,0,1
dbo,cover,multipet_discount,decimal,5,5,2,1
dbo,cover,offer_discount,decimal,5,5,2,1
dbo,cover,ordinal,int,4,10,0,0
dbo,cover,policy_length,int,4,10,0,0
dbo,cover,policy_period,varchar,15,0,0,0
dbo,cover,product_id,int,4,10,0,0
dbo,cover,renewable,bit,1,1,0,1
dbo,cover,underwriter,varchar,3,0,0,1
dbo,cover_benefit,alternative_description,varchar,256,0,0,1
dbo,cover_benefit,cover_id,int,4,10,0,0
dbo,cover_benefit,description,varchar,256,0,0,0
dbo,cover_benefit,excess,varchar,32,0,0,1
dbo,cover_benefit,help_content,varchar,4000,0,0,1
dbo,cover_benefit,id,int,4,10,0,0
dbo,cover_benefit,max_ben,varchar,32,0,0,1
dbo,cover_benefit,section_id,int,4,10,0,0
dbo,cover_benefit,section_num,varchar,8,0,0,1
dbo,cover_discount,cover_id,int,4,10,0,1
dbo,cover_discount,discount,decimal,5,5,2,1
dbo,cover_discount,discount_id,int,4,10,0,1
dbo,cover_discount,funded_by,int,4,10,0,1
dbo,cover_discount,id,int,4,10,0,0
dbo,cover_discount,persist_at_renewal,bit,1,1,0,1
dbo,cover_introductory_discount,cover_id,int,4,10,0,1
dbo,cover_introductory_discount,discount,decimal,5,5,2,1
dbo,cover_introductory_discount,effective_date,date,3,10,0,1
dbo,cover_introductory_discount,funded_by,int,4,10,0,1
dbo,cover_introductory_discount,id,int,4,10,0,0
dbo,cover_introductory_discount,inactive_date,date,3,10,0,1
dbo,CoverConfiguration,Configuration,nvarchar,-1,0,0,1
dbo,CoverConfiguration,CoverId,int,4,10,0,1
dbo,CoverConfiguration,Effective,datetime,8,23,3,1
dbo,CoverConfiguration,Id,int,4,10,0,0
dbo,customer,address1,varchar,64,0,0,1
dbo,customer,address2,varchar,64,0,0,1
dbo,customer,county,varchar,64,0,0,1
dbo,customer,email,varchar,64,0,0,0
dbo,customer,forename,varchar,64,0,0,0
dbo,customer,id,int,4,10,0,0
dbo,customer,mobile,varchar,32,0,0,1
dbo,customer,postcode,varchar,32,0,0,1
dbo,customer,surname,varchar,64,0,0,0
dbo,customer,tel,varchar,32,0,0,1
dbo,customer,title_id,int,4,10,0,0
dbo,customer,town,varchar,64,0,0,1
dbo,dd_service,dd_service_organisation_id,int,4,10,0,0
dbo,dd_service,id,int,4,10,0,0
dbo,dd_service,service_bank_description,varchar,200,0,0,0
dbo,dd_service,service_number,varchar,6,0,0,0
dbo,dd_service,waiting_days,int,4,10,0,0
dbo,dd_service_organisation,description,varchar,200,0,0,0
dbo,dd_service_organisation,footer,text,16,0,0,1
dbo,dd_service_organisation,id,int,4,10,0,0
dbo,dd_service_organisation,url_logo,varchar,200,0,0,0
dbo,dd_service_product,dd_service_id,int,4,10,0,0
dbo,dd_service_product,id,int,4,10,0,0
dbo,dd_service_product,product_id,int,4,10,0,0
dbo,dd_service_product,valid_from_date,datetime,8,23,3,0
dbo,discount,code,nvarchar,20,0,0,1
dbo,discount,description,nvarchar,100,0,0,1
dbo,discount,end_date,date,3,10,0,1
dbo,discount,id,int,4,10,0,0
dbo,discount,staff,bit,1,1,0,0
dbo,discount,start_date,date,3,10,0,1
dbo,discount_fund,description,varchar,50,0,0,0
dbo,discount_fund,id,int,4,10,0,0
dbo,dtproperties,id,int,4,10,0,0
dbo,dtproperties,lvalue,image,16,0,0,1
dbo,dtproperties,objectid,int,4,10,0,1
dbo,dtproperties,property,varchar,64,0,0,0
dbo,dtproperties,uvalue,nvarchar,510,0,0,1
dbo,dtproperties,value,varchar,255,0,0,1
dbo,dtproperties,version,int,4,10,0,0
dbo,employment_status,description,nvarchar,128,0,0,0
dbo,employment_status,id,int,4,10,0,0
dbo,error_tracker,error_message,varchar,8000,0,0,0
dbo,error_tracker,error_page,varchar,500,0,0,1
dbo,error_tracker,error_type,varchar,128,0,0,1
dbo,error_tracker,id,int,4,10,0,0
dbo,error_tracker,notification_sent,bit,1,1,0,1
dbo,error_tracker,product_id,int,4,10,0,1
dbo,error_tracker,stack_trace,varchar,8000,0,0,1
dbo,error_tracker,time_stamp,datetime,8,23,3,0
dbo,error_tracker_archive,error_message,varchar,8000,0,0,0
dbo,error_tracker_archive,error_page,varchar,500,0,0,1
dbo,error_tracker_archive,error_type,varchar,128,0,0,1
dbo,error_tracker_archive,id,int,4,10,0,0
dbo,error_tracker_archive,notification_sent,bit,1,1,0,1
dbo,error_tracker_archive,product_id,int,4,10,0,1
dbo,error_tracker_archive,stack_trace,varchar,8000,0,0,1
dbo,error_tracker_archive,time_stamp,datetime,8,23,3,0
dbo,error_tracker_claim_dump,error_message,varchar,8000,0,0,0
dbo,error_tracker_claim_dump,error_page,varchar,500,0,0,1
dbo,error_tracker_claim_dump,error_type,varchar,128,0,0,1
dbo,error_tracker_claim_dump,id,int,4,10,0,0
dbo,error_tracker_claim_dump,product_id,int,4,10,0,1
dbo,error_tracker_claim_dump,stack_trace,varchar,8000,0,0,1
dbo,error_tracker_claim_dump,time_stamp,datetime,8,23,3,0
dbo,excess,amount,date,3,10,0,0
dbo,excess,description,varchar,64,0,0,0
dbo,excess,id,int,4,10,0,0
dbo,exclusion,description,varchar,64,0,0,0
dbo,exclusion,id,int,4,10,0,0
dbo,four_week_free_conversions,Conversion_date,datetime,8,23,3,1
dbo,four_week_free_conversions,other_policies,varchar,200,0,0,1
dbo,four_week_free_conversions,quote_ref,varchar,200,0,0,1
dbo,hear_about_us,description,varchar,64,0,0,0
dbo,hear_about_us,id,int,4,10,0,0
dbo,hear_about_us,product_id,int,4,10,0,1
dbo,hear_about_us,scope,tinyint,1,3,0,1
dbo,helptext,description,varchar,4000,0,0,0
dbo,helptext,id,int,4,10,0,0
dbo,helptext,page_id,int,4,10,0,0
dbo,helptext,product_id,int,4,10,0,0
dbo,iv_blacklist_ip_address,affinity_code,varchar,5,0,0,1
dbo,iv_blacklist_ip_address,create_timestamp,datetime,8,23,3,0
dbo,iv_blacklist_ip_address,id,int,4,10,0,0
dbo,iv_blacklist_ip_address,ip_address,varchar,15,0,0,1
dbo,iv_blacklist_ip_address,quote_occurrences,int,4,10,0,1
dbo,iv_decision_match_type,description,varchar,256,0,0,0
dbo,iv_decision_match_type,id,int,4,10,0,0
dbo,iv_decision_result,band_pass,varchar,50,0,0,0
dbo,iv_decision_result,create_timestamp,datetime,8,23,3,1
dbo,iv_decision_result,id,int,4,10,0,0
dbo,iv_decision_result,iv_decision_match_type_id,int,4,10,0,0
dbo,iv_decision_result,iv_request_log_id,int,4,10,0,1
dbo,iv_decision_result,iv_result_pid,nvarchar,100,0,0,1
dbo,iv_decision_result,policy_id,int,4,10,0,1
dbo,iv_decision_result,quote_id,int,4,10,0,0
dbo,iv_profile,api_company,varchar,256,0,0,1
dbo,iv_profile,api_url,varchar,256,0,0,1
dbo,iv_profile,api_username,varchar,256,0,0,1
dbo,iv_profile,auto_reset_password_days,int,4,10,0,0
dbo,iv_profile,description,varchar,256,0,0,0
dbo,iv_profile,enc_api_password,varbinary,256,0,0,1
dbo,iv_profile,id,int,4,10,0,0
dbo,iv_profile,last_password_reset_date,datetime,8,23,3,1
dbo,iv_profile,profile_id_guid,varchar,256,0,0,0
dbo,iv_profile_product,acceptable_fail_result_days,int,4,10,0,0
dbo,iv_profile_product,id,int,4,10,0,0
dbo,iv_profile_product,inactive_date,date,3,10,0,1
dbo,iv_profile_product,iv_profile_id,int,4,10,0,0
dbo,iv_profile_product,product_id,int,4,10,0,0
dbo,iv_profile_product,search_history_days,int,4,10,0,1
dbo,iv_request_log,authentication_id,varchar,256,0,0,1
dbo,iv_request_log,band_text,varchar,256,0,0,1
dbo,iv_request_log,building_number,varchar,256,0,0,1
dbo,iv_request_log,city,varchar,256,0,0,1
dbo,iv_request_log,country,varchar,256,0,0,1
dbo,iv_request_log,date_of_birth,date,3,10,0,1
dbo,iv_request_log,forename,varchar,256,0,0,1
dbo,iv_request_log,id,int,4,10,0,0
dbo,iv_request_log,iv_profile_id,int,4,10,0,0
dbo,iv_request_log,match_level_api,varchar,200,0,0,1
dbo,iv_request_log,numprimarychecks,int,4,10,0,1
dbo,iv_request_log,postcode,varchar,256,0,0,1
dbo,iv_request_log,quote_id,int,4,10,0,1
dbo,iv_request_log,region,varchar,256,0,0,1
dbo,iv_request_log,requested_date,datetime,8,23,3,1
dbo,iv_request_log,score,int,4,10,0,1
dbo,iv_request_log,street,varchar,256,0,0,1
dbo,iv_request_log,surname,varchar,256,0,0,1
dbo,lead,broker_referrer,varchar,50,0,0,1
dbo,lead,clinic_id,int,4,10,0,1
dbo,lead,clinic_vet_name,nvarchar,200,0,0,1
dbo,lead,contact_attempt_count,tinyint,1,3,0,1
dbo,lead,contact_date,smalldatetime,4,16,0,1
dbo,lead,contact_time,varchar,10,0,0,1
dbo,lead,create_timestamp,datetime,8,23,3,0
dbo,lead,email_address,nvarchar,256,0,0,1
dbo,lead,email_sent,tinyint,1,3,0,1
dbo,lead,forename,nvarchar,64,0,0,1
dbo,lead,house,varchar,50,0,0,1
dbo,lead,id,int,4,10,0,0
dbo,lead,ip_address,varchar,20,0,0,1
dbo,lead,lead_failure_reason_id,int,4,10,0,1
dbo,lead,lead_reason_id,int,4,10,0,1
dbo,lead,lead_status_id,int,4,10,0,1
dbo,lead,lead_time_id,tinyint,1,3,0,1
dbo,lead,mobile_telephone,varchar,32,0,0,1
dbo,lead,postcode,varchar,16,0,0,1
dbo,lead,product_id,int,4,10,0,0
dbo,lead,quote_id,int,4,10,0,1
dbo,lead,source,varchar,64,0,0,1
dbo,lead,surname,nvarchar,64,0,0,1
dbo,lead,telephone,varchar,32,0,0,1
dbo,lead,title_id,int,4,10,0,1
dbo,lead,update_timestamp,datetime,8,23,3,0
dbo,lead,work_telephone,varchar,32,0,0,1
dbo,lead_audit,datetimestamp,datetime,8,23,3,1
dbo,lead_audit,description,nvarchar,8000,0,0,0
dbo,lead_audit,id,int,4,10,0,0
dbo,lead_audit,lead_id,int,4,10,0,0
dbo,lead_audit,user_id,int,4,10,0,0
dbo,lead_failure_reason,active,bit,1,1,0,1
dbo,lead_failure_reason,description,nvarchar,510,0,0,0
dbo,lead_failure_reason,id,int,4,10,0,0
dbo,lead_pet,animal_type_id,int,4,10,0,1
dbo,lead_pet,breed_id,int,4,10,0,1
dbo,lead_pet,colour,varchar,50,0,0,1
dbo,lead_pet,create_timestamp,smalldatetime,4,16,0,0
dbo,lead_pet,id,int,4,10,0,0
dbo,lead_pet,lead_id,int,4,10,0,0
dbo,lead_pet,pet_DOB,smalldatetime,4,16,0,1
dbo,lead_pet,pet_name,varchar,64,0,0,1
dbo,lead_pet,product_gender_id,int,4,10,0,1
dbo,lead_pet,purchase_price,money,8,19,4,1
dbo,lead_pet,update_timestamp,smalldatetime,4,16,0,0
dbo,lead_reason,description,nvarchar,200,0,0,0
dbo,lead_reason,id,int,4,10,0,0
dbo,lead_reason,product_id,int,4,10,0,0
dbo,lead_status,description,nvarchar,510,0,0,0
dbo,lead_status,id,int,4,10,0,0
dbo,lead_time,end_time,time,3,8,0,0
dbo,lead_time,id,tinyint,1,3,0,0
dbo,lead_time,start_time,time,3,8,0,0
dbo,lead_time,time_description,varchar,50,0,0,1
dbo,linkedCovers,affinityCode,varchar,5,0,0,0
dbo,linkedCovers,coverId1,int,4,10,0,0
dbo,linkedCovers,coverId2,int,4,10,0,0
dbo,linkedCovers,id,int,4,10,0,0
dbo,max_benefit,affinity_code,varchar,6,0,0,0
dbo,max_benefit,boarding_kennels_catteries,varchar,256,0,0,0
dbo,max_benefit,claiming_limitation,varchar,256,0,0,0
dbo,max_benefit,clinical_diet,varchar,256,0,0,0
dbo,max_benefit,compl_alt_treatment,varchar,256,0,0,0
dbo,max_benefit,death_illness_accident,varchar,256,0,0,0
dbo,max_benefit,excess,varchar,256,0,0,0
dbo,max_benefit,flea_tick_worm,varchar,256,0,0,0
dbo,max_benefit,healthcare_certificate,varchar,256,0,0,0
dbo,max_benefit,id,int,4,10,0,0
dbo,max_benefit,product_id,int,4,10,0,0
dbo,max_benefit,quarantine,varchar,256,0,0,0
dbo,max_benefit,replacement_healthcare_cert,varchar,256,0,0,0
dbo,max_benefit,third_party_liability,varchar,256,0,0,0
dbo,max_benefit,travel_quarantine,varchar,256,0,0,0
dbo,max_benefit,travel_repeat_tick_worming,varchar,256,0,0,0
dbo,max_benefit,vets_fees,varchar,256,0,0,0
dbo,migrated_cover_list,cover_id,int,4,10,0,0
dbo,migrated_cover_list,id,int,4,10,0,0
dbo,migrated_cover_list,isActive,bit,1,1,0,0
dbo,migrated_cover_list,product_id,int,4,10,0,0
dbo,migrated_cover_list,product_name,varchar,250,0,0,1
dbo,minder,datetimestamp,datetime,8,23,3,1
dbo,minder,duration,int,4,10,0,1
dbo,minder,ended,bigint,8,19,0,1
dbo,minder,ext,int,4,10,0,1
dbo,minder,field,char,1,0,0,1
dbo,minder,id,int,4,10,0,0
dbo,minder,qref,nvarchar,100,0,0,1
dbo,minder,started,bigint,8,19,0,1
dbo,mipetCVS_migration,CreatedDate,datetime,8,23,3,1
dbo,mipetCVS_migration,ID,int,4,10,0,0
dbo,mipetCVS_migration,Output,varchar,-1,0,0,1
dbo,MIReportDetails,CreatedDate,varchar,64,0,0,1
dbo,MIReportDetails,CreatedTime,varchar,64,0,0,1
dbo,MIReportDetails,Email,varchar,4,0,0,1
dbo,MIReportDetails,PetName,varchar,64,0,0,1
dbo,MIReportDetails,Post,varchar,4,0,0,1
dbo,MIReportDetails,QuoteRef,varchar,26,0,0,1
dbo,MIReportDetails,QuoteStatus,varchar,64,0,0,1
dbo,MIReportDetails,Sms,varchar,4,0,0,1
dbo,MIReportDetails,Tel,varchar,4,0,0,1
dbo,MSMBreeds,animal_breed,varchar,50,0,0,1
dbo,MSMBreeds,animal_id,varchar,50,0,0,1
dbo,MSMBreeds,animal_pedigree,varchar,50,0,0,1
dbo,MSMBreeds,animal_type,varchar,50,0,0,1
dbo,MSMBreeds,id_upp,varchar,50,0,0,1
dbo,MSpeer_conflictdetectionconfigrequest,id,int,4,10,0,0
dbo,MSpeer_conflictdetectionconfigrequest,modified_date,datetime,8,23,3,0
dbo,MSpeer_conflictdetectionconfigrequest,phase_timed_out,bit,1,1,0,0
dbo,MSpeer_conflictdetectionconfigrequest,progress_phase,nvarchar,64,0,0,0
dbo,MSpeer_conflictdetectionconfigrequest,publication,sysname,256,0,0,0
dbo,MSpeer_conflictdetectionconfigrequest,sent_date,datetime,8,23,3,0
dbo,MSpeer_conflictdetectionconfigrequest,timeout,int,4,10,0,0
dbo,MSpeer_conflictdetectionconfigresponse,conflictdetection_enabled,bit,1,1,0,1
dbo,MSpeer_conflictdetectionconfigresponse,is_peer,bit,1,1,0,1
dbo,MSpeer_conflictdetectionconfigresponse,modified_date,datetime,8,23,3,1
dbo,MSpeer_conflictdetectionconfigresponse,originator_id,int,4,10,0,1
dbo,MSpeer_conflictdetectionconfigresponse,peer_conflict_retention,int,4,10,0,1
dbo,MSpeer_conflictdetectionconfigresponse,peer_continue_onconflict,bit,1,1,0,1
dbo,MSpeer_conflictdetectionconfigresponse,peer_db,sysname,256,0,0,0
dbo,MSpeer_conflictdetectionconfigresponse,peer_db_version,int,4,10,0,1
dbo,MSpeer_conflictdetectionconfigresponse,peer_node,sysname,256,0,0,0
dbo,MSpeer_conflictdetectionconfigresponse,peer_subscriptions,xml,-1,0,0,1
dbo,MSpeer_conflictdetectionconfigresponse,peer_version,int,4,10,0,1
dbo,MSpeer_conflictdetectionconfigresponse,progress_phase,nvarchar,64,0,0,0
dbo,MSpeer_conflictdetectionconfigresponse,request_id,int,4,10,0,0
dbo,MSpeer_lsns,id,int,4,10,0,0
dbo,MSpeer_lsns,last_updated,datetime,8,23,3,1
dbo,MSpeer_lsns,originator,sysname,256,0,0,0
dbo,MSpeer_lsns,originator_db,sysname,256,0,0,0
dbo,MSpeer_lsns,originator_db_version,int,4,10,0,1
dbo,MSpeer_lsns,originator_id,int,4,10,0,1
dbo,MSpeer_lsns,originator_lsn,varbinary,16,0,0,1
dbo,MSpeer_lsns,originator_publication,sysname,256,0,0,0
dbo,MSpeer_lsns,originator_publication_id,int,4,10,0,1
dbo,MSpeer_lsns,originator_version,int,4,10,0,1
dbo,MSpeer_originatorid_history,inserted_date,datetime,8,23,3,0
dbo,MSpeer_originatorid_history,originator_db,sysname,256,0,0,0
dbo,MSpeer_originatorid_history,originator_db_version,int,4,10,0,0
dbo,MSpeer_originatorid_history,originator_id,int,4,10,0,0
dbo,MSpeer_originatorid_history,originator_node,sysname,256,0,0,0
dbo,MSpeer_originatorid_history,originator_publication,sysname,256,0,0,0
dbo,MSpeer_originatorid_history,originator_version,int,4,10,0,0
dbo,MSpeer_request,description,nvarchar,8000,0,0,1
dbo,MSpeer_request,id,int,4,10,0,0
dbo,MSpeer_request,publication,sysname,256,0,0,0
dbo,MSpeer_request,sent_date,datetime,8,23,3,1
dbo,MSpeer_response,peer,sysname,256,0,0,0
dbo,MSpeer_response,peer_db,sysname,256,0,0,0
dbo,MSpeer_response,received_date,datetime,8,23,3,1
dbo,MSpeer_response,request_id,int,4,10,0,1
dbo,MSpeer_topologyrequest,id,int,4,10,0,0
dbo,MSpeer_topologyrequest,publication,sysname,256,0,0,0
dbo,MSpeer_topologyrequest,sent_date,datetime,8,23,3,1
dbo,MSpeer_topologyresponse,connection_info,xml,-1,0,0,1
dbo,MSpeer_topologyresponse,originator_id,int,4,10,0,1
dbo,MSpeer_topologyresponse,peer,sysname,256,0,0,0
dbo,MSpeer_topologyresponse,peer_conflict_retention,int,4,10,0,1
dbo,MSpeer_topologyresponse,peer_db,sysname,256,0,0,0
dbo,MSpeer_topologyresponse,peer_version,int,4,10,0,1
dbo,MSpeer_topologyresponse,received_date,datetime,8,23,3,1
dbo,MSpeer_topologyresponse,request_id,int,4,10,0,1
dbo,MSpub_identity_range,current_pub_range,bigint,8,19,0,0
dbo,MSpub_identity_range,last_seed,bigint,8,19,0,1
dbo,MSpub_identity_range,objid,int,4,10,0,0
dbo,MSpub_identity_range,pub_range,bigint,8,19,0,0
dbo,MSpub_identity_range,range,bigint,8,19,0,0
dbo,MSpub_identity_range,threshold,int,4,10,0,0
dbo,occupation,description,varchar,64,0,0,0
dbo,occupation,id,int,4,10,0,0
dbo,outbound,address1,varchar,64,0,0,1
dbo,outbound,address2,varchar,64,0,0,1
dbo,outbound,address3,varchar,64,0,0,1
dbo,outbound,address4,varchar,64,0,0,1
dbo,outbound,attempts,int,4,10,0,1
dbo,outbound,client_status,varchar,32,0,0,1
dbo,outbound,client_type,varchar,32,0,0,1
dbo,outbound,create_timestamp,datetime,8,23,3,1
dbo,outbound,email_address,nvarchar,512,0,0,1
dbo,outbound,forename,nvarchar,128,0,0,1
dbo,outbound,id,int,4,10,0,0
dbo,outbound,last_user_id,int,4,10,0,1
dbo,outbound,outbound_status_id,int,4,10,0,1
dbo,outbound,postcode,varchar,32,0,0,1
dbo,outbound,product_id,int,4,10,0,1
dbo,outbound,quote_id,int,4,10,0,1
dbo,outbound,surname,nvarchar,128,0,0,1
dbo,outbound,telephone,varchar,32,0,0,1
dbo,outbound,title,nvarchar,128,0,0,1
dbo,outbound,update_timestamp,datetime,8,23,3,1
dbo,outbound_audit,datetimestamp,datetime,8,23,3,1
dbo,outbound_audit,id,int,4,10,0,0
dbo,outbound_audit,notes,ntext,16,0,0,0
dbo,outbound_audit,outbound_id,int,4,10,0,0
dbo,outbound_audit,outbound_status_id,int,4,10,0,1
dbo,outbound_audit,user_id,int,4,10,0,0
dbo,outbound_status,completed,int,4,10,0,1
dbo,outbound_status,description,nvarchar,510,0,0,0
dbo,outbound_status,id,int,4,10,0,0
dbo,page_tracker,id,int,4,10,0,0
dbo,page_tracker,page_name,varchar,64,0,0,0
dbo,page_tracker,session_id,varchar,256,0,0,0
dbo,page_tracker,time_stamp,smalldatetime,4,16,0,0
dbo,payment_detail,amount,decimal,9,10,2,1
dbo,payment_detail,card_type_id,int,4,10,0,1
dbo,payment_detail,ClientIPAddress,varchar,64,0,0,1
dbo,payment_detail,create_date,smalldatetime,4,16,0,0
dbo,payment_detail,enc_account_name,varbinary,256,0,0,1
dbo,payment_detail,enc_account_number,varbinary,256,0,0,1
dbo,payment_detail,enc_card_name,varbinary,256,0,0,1
dbo,payment_detail,enc_card_number,varbinary,256,0,0,1
dbo,payment_detail,enc_issue_number,varbinary,256,0,0,1
dbo,payment_detail,enc_sort_code,varbinary,256,0,0,1
dbo,payment_detail,enc_valid_from,varbinary,52,0,0,1
dbo,payment_detail,enc_valid_to,varbinary,52,0,0,1
dbo,payment_detail,id,uniqueidentifier,16,0,0,0
dbo,payment_detail,payment_type_id,int,4,10,0,0
dbo,payment_detail,post_result,varchar,8000,0,0,1
dbo,payment_detail,update_date,smalldatetime,4,16,0,0
dbo,payment_type,description,varchar,64,0,0,0
dbo,payment_type,id,int,4,10,0,0
dbo,PaymentProvider,Description,varchar,150,0,0,0
dbo,PaymentProvider,Id,int,4,10,0,0
dbo,PaymentProviderCallBack,ApplicationTypeID,int,4,10,0,0
dbo,PaymentProviderCallBack,Id,int,4,10,0,0
dbo,PaymentProviderCallBack,ProductPaymentProviderConfigId,int,4,10,0,0
dbo,PaymentProviderCallBack,UrlFail,varchar,256,0,0,1
dbo,PaymentProviderCallBack,UrlNotification,varchar,256,0,0,1
dbo,PaymentProviderCallBack,UrlSuccess,varchar,256,0,0,1
dbo,PaymentProviderDetail,Description,varchar,150,0,0,0
dbo,PaymentProviderDetail,EndPointUrl,varchar,500,0,0,1
dbo,PaymentProviderDetail,Id,int,4,10,0,0
dbo,PaymentProviderDetail,VendorName,varchar,500,0,0,1
dbo,policy_schedule,id,int,4,10,0,0
dbo,policy_schedule,schedule_doc,image,16,0,0,1
dbo,postcode,description,varchar,64,0,0,0
dbo,postcode,id,int,4,10,0,0
dbo,postcode,ipt_percentage,float,8,53,0,0
dbo,preexisting_condition,description,varchar,64,0,0,0
dbo,preexisting_condition,id,int,4,10,0,0
dbo,pricing_engine,Description,nchar,20,0,0,1
dbo,pricing_engine,Id,bigint,8,19,0,0
dbo,pricing_factor,animal_type_id,int,4,10,0,1
dbo,pricing_factor,applies_to,varchar,2,0,0,1
dbo,pricing_factor,apply_on_override,bit,1,1,0,0
dbo,pricing_factor,cover_id,int,4,10,0,1
dbo,pricing_factor,description,varchar,20,0,0,0
dbo,pricing_factor,factor,decimal,5,5,4,0
dbo,pricing_factor,factor_effective_date,date,3,10,0,0
dbo,pricing_factor,factor_inactive_date,date,3,10,0,1
dbo,pricing_factor,id,int,4,10,0,0
dbo,pricing_factor,metric,varchar,10,0,0,0
dbo,pricing_factor,product_id,int,4,10,0,1
dbo,pricing_factor_25062015,animal_type_id,int,4,10,0,1
dbo,pricing_factor_25062015,applies_to,varchar,2,0,0,1
dbo,pricing_factor_25062015,apply_on_override,bit,1,1,0,0
dbo,pricing_factor_25062015,cover_id,int,4,10,0,1
dbo,pricing_factor_25062015,description,varchar,20,0,0,0
dbo,pricing_factor_25062015,factor,decimal,5,5,4,0
dbo,pricing_factor_25062015,factor_effective_date,date,3,10,0,0
dbo,pricing_factor_25062015,factor_inactive_date,date,3,10,0,1
dbo,pricing_factor_25062015,id,int,4,10,0,0
dbo,pricing_factor_25062015,metric,varchar,10,0,0,0
dbo,pricing_factor_25062015,product_id,int,4,10,0,1
dbo,pricing_matrix,age,varchar,16,0,0,0
dbo,pricing_matrix,animal_type_id,int,4,10,0,0
dbo,pricing_matrix,area_rating,int,4,10,0,0
dbo,pricing_matrix,breed_group_code,char,1,0,0,1
dbo,pricing_matrix,cover_id,int,4,10,0,0
dbo,pricing_matrix,effective_date,date,3,10,0,0
dbo,pricing_matrix,id,int,4,10,0,0
dbo,pricing_matrix,inactive_date,date,3,10,0,1
dbo,pricing_matrix,value,money,8,19,4,0
dbo,pricing_matrix_AAI,age,varchar,16,0,0,0
dbo,pricing_matrix_AAI,animal_type_id,int,4,10,0,0
dbo,pricing_matrix_AAI,area_rating,int,4,10,0,0
dbo,pricing_matrix_AAI,breed_group,char,1,0,0,1
dbo,pricing_matrix_AAI,breed_rating,int,4,10,0,1
dbo,pricing_matrix_AAI,cover_id,int,4,10,0,0
dbo,pricing_matrix_AAI,id,int,4,10,0,0
dbo,pricing_matrix_AAI,value,money,8,19,4,0
dbo,pricing_matrix_AAI1,age,varchar,16,0,0,0
dbo,pricing_matrix_AAI1,animal_type_id,int,4,10,0,0
dbo,pricing_matrix_AAI1,area_rating,int,4,10,0,0
dbo,pricing_matrix_AAI1,breed_group,char,1,0,0,1
dbo,pricing_matrix_AAI1,breed_rating,int,4,10,0,1
dbo,pricing_matrix_AAI1,cover_id,int,4,10,0,0
dbo,pricing_matrix_AAI1,id,int,4,10,0,0
dbo,pricing_matrix_AAI1,value,money,8,19,4,0
dbo,pricing_matrix_ADM,age,varchar,16,0,0,0
dbo,pricing_matrix_ADM,animal_type_id,int,4,10,0,0
dbo,pricing_matrix_ADM,area_rating,int,4,10,0,0
dbo,pricing_matrix_ADM,breed_group,char,1,0,0,1
dbo,pricing_matrix_ADM,breed_rating,int,4,10,0,1
dbo,pricing_matrix_ADM,cover_id,int,4,10,0,0
dbo,pricing_matrix_ADM,id,int,4,10,0,0
dbo,pricing_matrix_ADM,value,money,8,19,4,0
dbo,pricing_matrix_adm1,age,varchar,16,0,0,0
dbo,pricing_matrix_adm1,animal_type_id,int,4,10,0,0
dbo,pricing_matrix_adm1,area_rating,int,4,10,0,0
dbo,pricing_matrix_adm1,breed_group,char,1,0,0,1
dbo,pricing_matrix_adm1,breed_rating,int,4,10,0,1
dbo,pricing_matrix_adm1,cover_id,int,4,10,0,0
dbo,pricing_matrix_adm1,id,int,4,10,0,0
dbo,pricing_matrix_adm1,value,money,8,19,4,0
dbo,pricing_matrix_ALB,age,varchar,16,0,0,0
dbo,pricing_matrix_ALB,animal_type_id,int,4,10,0,0
dbo,pricing_matrix_ALB,area_rating,int,4,10,0,0
dbo,pricing_matrix_ALB,breed_group,char,1,0,0,1
dbo,pricing_matrix_ALB,breed_rating,int,4,10,0,1
dbo,pricing_matrix_ALB,cover_id,int,4,10,0,0
dbo,pricing_matrix_ALB,id,int,4,10,0,0
dbo,pricing_matrix_ALB,value,money,8,19,4,0
dbo,pricing_matrix_BFG,age,varchar,16,0,0,0
dbo,pricing_matrix_BFG,animal_type_id,int,4,10,0,0
dbo,pricing_matrix_BFG,area_1,decimal,9,10,2,0
dbo,pricing_matrix_BFG,area_2,decimal,9,10,2,0
dbo,pricing_matrix_BFG,breed_rating,int,4,10,0,1
dbo,pricing_matrix_BFG,cover_id,int,4,10,0,0
dbo,pricing_matrix_BFG,id,int,4,10,0,0
dbo,pricing_matrix_BFG1,age,varchar,16,0,0,0
dbo,pricing_matrix_BFG1,animal_type_id,int,4,10,0,0
dbo,pricing_matrix_BFG1,area_1,decimal,9,10,2,0
dbo,pricing_matrix_BFG1,area_2,decimal,9,10,2,0
dbo,pricing_matrix_BFG1,breed_rating,int,4,10,0,1
dbo,pricing_matrix_BFG1,cover_id,int,4,10,0,0
dbo,pricing_matrix_BFG1,id,int,4,10,0,0
dbo,pricing_matrix_DON,age,varchar,16,0,0,0
dbo,pricing_matrix_DON,animal_type_id,int,4,10,0,0
dbo,pricing_matrix_DON,breed_rating,int,4,10,0,1
dbo,pricing_matrix_DON,cover_id,int,4,10,0,0
dbo,pricing_matrix_DON,id,int,4,10,0,0
dbo,pricing_matrix_DON,premium,decimal,9,10,2,0
dbo,pricing_matrix_DON1,age,varchar,16,0,0,0
dbo,pricing_matrix_DON1,animal_type_id,int,4,10,0,0
dbo,pricing_matrix_DON1,breed_rating,int,4,10,0,1
dbo,pricing_matrix_DON1,cover_id,int,4,10,0,0
dbo,pricing_matrix_DON1,id,int,4,10,0,0
dbo,pricing_matrix_DON1,premium,decimal,9,10,2,0
dbo,pricing_matrix_GRN,age,varchar,16,0,0,0
dbo,pricing_matrix_GRN,animal_type_id,int,4,10,0,0
dbo,pricing_matrix_GRN,area_rating,int,4,10,0,0
dbo,pricing_matrix_GRN,breed_rating,int,4,10,0,1
dbo,pricing_matrix_GRN,cover_id,int,4,10,0,0
dbo,pricing_matrix_GRN,id,int,4,10,0,0
dbo,pricing_matrix_GRN,value,money,8,19,4,0
dbo,pricing_matrix_GRN1,age,varchar,16,0,0,0
dbo,pricing_matrix_GRN1,animal_type_id,int,4,10,0,0
dbo,pricing_matrix_GRN1,area_rating,int,4,10,0,0
dbo,pricing_matrix_GRN1,breed_rating,int,4,10,0,1
dbo,pricing_matrix_GRN1,cover_id,int,4,10,0,0
dbo,pricing_matrix_GRN1,id,int,4,10,0,0
dbo,pricing_matrix_GRN1,value,money,8,19,4,0
dbo,pricing_matrix_HAS,age,varchar,16,0,0,0
dbo,pricing_matrix_HAS,animal_type_id,int,4,10,0,0
dbo,pricing_matrix_HAS,area_rating,int,4,10,0,0
dbo,pricing_matrix_HAS,breed_group,char,1,0,0,1
dbo,pricing_matrix_HAS,cover_id,int,4,10,0,0
dbo,pricing_matrix_HAS,id,int,4,10,0,0
dbo,pricing_matrix_HAS,value,money,8,19,4,0
dbo,pricing_matrix_has1,age,varchar,16,0,0,0
dbo,pricing_matrix_has1,animal_type_id,int,4,10,0,0
dbo,pricing_matrix_has1,area_rating,int,4,10,0,0
dbo,pricing_matrix_has1,breed_group,char,1,0,0,1
dbo,pricing_matrix_has1,cover_id,int,4,10,0,0
dbo,pricing_matrix_has1,id,int,4,10,0,0
dbo,pricing_matrix_has1,value,money,8,19,4,0
dbo,pricing_matrix_LAG,age,varchar,16,0,0,0
dbo,pricing_matrix_LAG,animal_type_id,int,4,10,0,0
dbo,pricing_matrix_LAG,area_rating,int,4,10,0,0
dbo,pricing_matrix_LAG,breed_group,char,1,0,0,1
dbo,pricing_matrix_LAG,breed_rating,int,4,10,0,1
dbo,pricing_matrix_LAG,cover_id,int,4,10,0,0
dbo,pricing_matrix_LAG,id,int,4,10,0,0
dbo,pricing_matrix_LAG,value,money,8,19,4,0
dbo,pricing_matrix_LAG1,age,varchar,16,0,0,0
dbo,pricing_matrix_LAG1,animal_type_id,int,4,10,0,0
dbo,pricing_matrix_LAG1,area_rating,int,4,10,0,0
dbo,pricing_matrix_LAG1,breed_group,char,1,0,0,1
dbo,pricing_matrix_LAG1,breed_rating,int,4,10,0,1
dbo,pricing_matrix_LAG1,cover_id,int,4,10,0,0
dbo,pricing_matrix_LAG1,id,int,4,10,0,0
dbo,pricing_matrix_LAG1,value,money,8,19,4,0
dbo,pricing_matrix_PAW,age,varchar,16,0,0,0
dbo,pricing_matrix_PAW,animal_type_id,int,4,10,0,0
dbo,pricing_matrix_PAW,area_rating,int,4,10,0,0
dbo,pricing_matrix_PAW,breed_group,char,1,0,0,1
dbo,pricing_matrix_PAW,breed_rating,int,4,10,0,1
dbo,pricing_matrix_PAW,cover_id,int,4,10,0,0
dbo,pricing_matrix_PAW,id,int,4,10,0,0
dbo,pricing_matrix_PAW,value,money,8,19,4,0
dbo,pricing_matrix_PAW1,age,varchar,16,0,0,0
dbo,pricing_matrix_PAW1,animal_type_id,int,4,10,0,0
dbo,pricing_matrix_PAW1,area_rating,int,4,10,0,0
dbo,pricing_matrix_PAW1,breed_group,char,1,0,0,1
dbo,pricing_matrix_PAW1,breed_rating,int,4,10,0,1
dbo,pricing_matrix_PAW1,cover_id,int,4,10,0,0
dbo,pricing_matrix_PAW1,id,int,4,10,0,0
dbo,pricing_matrix_PAW1,value,money,8,19,4,0
dbo,pricing_matrix_PDP,age,varchar,16,0,0,0
dbo,pricing_matrix_PDP,animal_type_id,int,4,10,0,0
dbo,pricing_matrix_PDP,area_1,money,8,19,4,0
dbo,pricing_matrix_PDP,area_2,money,8,19,4,0
dbo,pricing_matrix_PDP,breed_rating,int,4,10,0,1
dbo,pricing_matrix_PDP,cover_id,int,4,10,0,0
dbo,pricing_matrix_PDP,id,int,4,10,0,0
dbo,pricing_matrix_PDP1,age,varchar,16,0,0,0
dbo,pricing_matrix_PDP1,animal_type_id,int,4,10,0,0
dbo,pricing_matrix_PDP1,area_1,money,8,19,4,0
dbo,pricing_matrix_PDP1,area_2,money,8,19,4,0
dbo,pricing_matrix_PDP1,breed_rating,int,4,10,0,1
dbo,pricing_matrix_PDP1,cover_id,int,4,10,0,0
dbo,pricing_matrix_PDP1,id,int,4,10,0,0
dbo,pricing_matrix_PUR,age,varchar,16,0,0,0
dbo,pricing_matrix_PUR,animal_type_id,int,4,10,0,0
dbo,pricing_matrix_PUR,area_rating,int,4,10,0,0
dbo,pricing_matrix_PUR,breed_group,char,1,0,0,1
dbo,pricing_matrix_PUR,breed_rating,int,4,10,0,1
dbo,pricing_matrix_PUR,cover_id,int,4,10,0,0
dbo,pricing_matrix_PUR,id,int,4,10,0,0
dbo,pricing_matrix_PUR,value,money,8,19,4,0
dbo,pricing_matrix_PUR1,age,varchar,16,0,0,0
dbo,pricing_matrix_PUR1,animal_type_id,int,4,10,0,0
dbo,pricing_matrix_PUR1,area_rating,int,4,10,0,0
dbo,pricing_matrix_PUR1,breed_group,char,1,0,0,1
dbo,pricing_matrix_PUR1,breed_rating,int,4,10,0,1
dbo,pricing_matrix_PUR1,cover_id,int,4,10,0,0
dbo,pricing_matrix_PUR1,id,int,4,10,0,0
dbo,pricing_matrix_PUR1,value,money,8,19,4,0
dbo,pricing_matrix_UIS,age,varchar,16,0,0,0
dbo,pricing_matrix_UIS,animal_type_id,int,4,10,0,0
dbo,pricing_matrix_UIS,area_rating,int,4,10,0,0
dbo,pricing_matrix_UIS,breed_group,char,1,0,0,1
dbo,pricing_matrix_UIS,breed_rating,int,4,10,0,1
dbo,pricing_matrix_UIS,cover_id,int,4,10,0,0
dbo,pricing_matrix_UIS,id,int,4,10,0,0
dbo,pricing_matrix_UIS,value,money,8,19,4,0
dbo,pricing_matrix_uis1,age,varchar,16,0,0,0
dbo,pricing_matrix_uis1,animal_type_id,int,4,10,0,0
dbo,pricing_matrix_uis1,area_rating,int,4,10,0,0
dbo,pricing_matrix_uis1,breed_group,char,1,0,0,1
dbo,pricing_matrix_uis1,breed_rating,int,4,10,0,1
dbo,pricing_matrix_uis1,cover_id,int,4,10,0,0
dbo,pricing_matrix_uis1,id,int,4,10,0,0
dbo,pricing_matrix_uis1,value,money,8,19,4,0
dbo,pricing_matrix_VFV,age,varchar,16,0,0,0
dbo,pricing_matrix_VFV,animal_type_id,int,4,10,0,0
dbo,pricing_matrix_VFV,area_rating,int,4,10,0,0
dbo,pricing_matrix_VFV,breed_rating,int,4,10,0,1
dbo,pricing_matrix_VFV,cover_id,int,4,10,0,0
dbo,pricing_matrix_VFV,id,int,4,10,0,0
dbo,pricing_matrix_VFV,value,money,8,19,4,0
dbo,pricing_matrix_VFV,value_2,money,8,19,4,1
dbo,pricing_matrix_VFV,value_3,money,8,19,4,1
dbo,pricing_matrix_VFV1,age,varchar,16,0,0,0
dbo,pricing_matrix_VFV1,animal_type_id,int,4,10,0,0
dbo,pricing_matrix_VFV1,area_rating,int,4,10,0,0
dbo,pricing_matrix_VFV1,breed_rating,int,4,10,0,1
dbo,pricing_matrix_VFV1,cover_id,int,4,10,0,0
dbo,pricing_matrix_VFV1,id,int,4,10,0,0
dbo,pricing_matrix_VFV1,value,money,8,19,4,0
dbo,pricing_matrix_VFV1,value_2,money,8,19,4,1
dbo,pricing_matrix_VFV1,value_3,money,8,19,4,1
dbo,pricing_matrix_VSR,age,varchar,16,0,0,0
dbo,pricing_matrix_VSR,animal_type_id,int,4,10,0,0
dbo,pricing_matrix_VSR,area_0,money,8,19,4,1
dbo,pricing_matrix_VSR,area_1,money,8,19,4,0
dbo,pricing_matrix_VSR,area_100,money,8,19,4,1
dbo,pricing_matrix_VSR,area_101,money,8,19,4,1
dbo,pricing_matrix_VSR,area_102,money,8,19,4,1
dbo,pricing_matrix_VSR,area_103,money,8,19,4,1
dbo,pricing_matrix_VSR,area_104,money,8,19,4,1
dbo,pricing_matrix_VSR,area_105,money,8,19,4,1
dbo,pricing_matrix_VSR,area_106,money,8,19,4,1
dbo,pricing_matrix_VSR,area_107,money,8,19,4,1
dbo,pricing_matrix_VSR,area_2,money,8,19,4,0
dbo,pricing_matrix_VSR,area_3,money,8,19,4,0
dbo,pricing_matrix_VSR,area_4,money,8,19,4,0
dbo,pricing_matrix_VSR,area_5,money,8,19,4,0
dbo,pricing_matrix_VSR,area_6,money,8,19,4,0
dbo,pricing_matrix_VSR,area_7,money,8,19,4,1
dbo,pricing_matrix_VSR,breed_rating,int,4,10,0,1
dbo,pricing_matrix_VSR,cover_id,int,4,10,0,0
dbo,pricing_matrix_VSR,id,int,4,10,0,0
dbo,product,address1,varchar,64,0,0,1
dbo,product,address2,varchar,64,0,0,1
dbo,product,address3,varchar,64,0,0,1
dbo,product,admin_email,varchar,256,0,0,1
dbo,product,affinity_code,varchar,6,0,0,1
dbo,product,agg_link_address,varchar,256,0,0,1
dbo,product,claim_form,varchar,32,0,0,1
dbo,product,commission,float,8,53,0,1
dbo,product,commission_20110801,float,8,53,0,1
dbo,product,county,varchar,64,0,0,1
dbo,product,cust_services_num,varchar,32,0,0,1
dbo,product,DD_orig_ref,varchar,32,0,0,1
dbo,product,description,varchar,64,0,0,0
dbo,product,email,varchar,64,0,0,1
dbo,product,filter_covers_by_cg_min_ordinal,bit,1,1,0,0
dbo,product,footer_text,text,16,0,0,1
dbo,product,id,int,4,10,0,0
dbo,product,mmp_web_address,varchar,64,0,0,1
dbo,product,multi_pet,bit,1,1,0,1
dbo,product,Own_Brand_Ind,int,4,10,0,1
dbo,product,policy_document,varchar,32,0,0,1
dbo,product,postcode,varchar,16,0,0,1
dbo,product,prod_prefix,varchar,6,0,0,1
dbo,product,quote_expiration_days,int,4,10,0,1
dbo,product,renewals_num,varchar,32,0,0,1
dbo,product,show_marketing_panel,bit,1,1,0,1
dbo,product,surcharge_threshold,decimal,5,5,2,1
dbo,product,tel,varchar,64,0,0,1
dbo,product,town,varchar,64,0,0,1
dbo,product,web_address,varchar,64,0,0,1
dbo,product,welcome_text,text,16,0,0,1
dbo,product_area_rating_mapping,effective_date,date,3,10,0,0
dbo,product_area_rating_mapping,id,int,4,10,0,0
dbo,product_area_rating_mapping,lookup_product_id,int,4,10,0,0
dbo,product_area_rating_mapping,product_id,int,4,10,0,0
dbo,product_breed_group,breed,nvarchar,300,0,0,0
dbo,product_breed_group,breed_id,int,4,10,0,1
dbo,product_breed_group,id,int,4,10,0,0
dbo,product_breed_group,product_id,int,4,10,0,1
dbo,product_breed_group,rating,char,1,0,0,0
dbo,product_breed_group_25062015,breed,nvarchar,300,0,0,0
dbo,product_breed_group_25062015,breed_id,int,4,10,0,1
dbo,product_breed_group_25062015,id,int,4,10,0,0
dbo,product_breed_group_25062015,product_id,int,4,10,0,1
dbo,product_breed_group_25062015,rating,char,1,0,0,0
dbo,product_breed_group_mapping,animal_type_id,int,4,10,0,0
dbo,product_breed_group_mapping,effective_date,date,3,10,0,0
dbo,product_breed_group_mapping,id,int,4,10,0,0
dbo,product_breed_group_mapping,lookup_product_id,int,4,10,0,0
dbo,product_breed_group_mapping,product_id,int,4,10,0,0
dbo,product_breed_score,breed_id,int,4,10,0,0
dbo,product_breed_score,product_id,int,4,10,0,0
dbo,product_breed_score,rating,int,4,10,0,0
dbo,product_gender,gender_desc,varchar,64,0,0,0
dbo,product_gender,id,int,4,10,0,0
dbo,product_gender,product_id,int,4,10,0,0
dbo,product_gender,value,money,8,19,4,0
dbo,product_payment_type,end_date,date,3,10,0,1
dbo,product_payment_type,id,int,4,10,0,0
dbo,product_payment_type,payment_type_id,int,4,10,0,0
dbo,product_payment_type,product_id,int,4,10,0,0
dbo,product_payment_type,start_date,date,3,10,0,1
dbo,product_postcode_score,postcode_id,int,4,10,0,0
dbo,product_postcode_score,product_id,int,4,10,0,0
dbo,product_postcode_score,rating,int,4,10,0,0
dbo,product_postcode_score,value,money,8,19,4,0
dbo,product_postcode_score_new,postcode_id,int,4,10,0,0
dbo,product_postcode_score_new,product_id,int,4,10,0,0
dbo,product_postcode_score_new,rating,int,4,10,0,0
dbo,product_postcode_score_new,value,money,8,19,4,0
dbo,product_pricing_engine,Id,bigint,8,19,0,0
dbo,product_pricing_engine,new_business_effective_date,date,3,10,0,0
dbo,product_pricing_engine,pricing_engine_id,bigint,8,19,0,0
dbo,product_pricing_engine,product_id,int,4,10,0,0
dbo,product_pricing_engine,renewals_effective_date,date,3,10,0,0
dbo,product_site_configuration,end_date,date,3,10,0,1
dbo,product_site_configuration,id,int,4,10,0,0
dbo,product_site_configuration,product_id,int,4,10,0,0
dbo,product_site_configuration,sagepay_notification_url,varchar,256,0,0,1
dbo,product_site_configuration,sagepay_url_fail,varchar,256,0,0,0
dbo,product_site_configuration,sagepay_url_success,varchar,256,0,0,0
dbo,product_site_configuration,start_date,date,3,10,0,1
dbo,product_underwriting_check,action_id,int,4,10,0,0
dbo,product_underwriting_check,description,varchar,256,0,0,0
dbo,product_underwriting_check,id,int,4,10,0,0
dbo,product_underwriting_check,page_id,int,4,10,0,0
dbo,product_underwriting_check,product_id,int,4,10,0,0
dbo,product_underwriting_check,response,varchar,1000,0,0,1
dbo,product_underwriting_check_quote,product_underwriting_check_id,int,4,10,0,0
dbo,product_underwriting_check_quote,quote_id,int,4,10,0,0
dbo,ProductPaymentProviderConfig,ActiveDate,datetime,8,23,3,0
dbo,ProductPaymentProviderConfig,ApplySurcharge,bit,1,1,0,0
dbo,ProductPaymentProviderConfig,Id,int,4,10,0,0
dbo,ProductPaymentProviderConfig,InactiveDate,datetime,8,23,3,1
dbo,ProductPaymentProviderConfig,PaymentProviderDetailId,int,4,10,0,0
dbo,ProductPaymentProviderConfig,PaymentProviderId,int,4,10,0,0
dbo,ProductPaymentProviderConfig,ProductId,int,4,10,0,0
dbo,pw_history,id,int,4,10,0,0
dbo,pw_history,password,varchar,50,0,0,0
dbo,pw_history,systuser_id,int,4,10,0,0
dbo,pw_history,time_stamp,smalldatetime,4,16,0,0
dbo,QBActionMethod,ControlAddress,varchar,150,0,0,0
dbo,QBActionMethod,Description,varchar,50,0,0,0
dbo,QBActionMethod,ID,int,4,10,0,0
dbo,quote,affinity,varchar,3,0,0,1
dbo,quote,agg_click_through_url,varchar,1000,0,0,1
dbo,quote,agg_remote_ref,nvarchar,100,0,0,1
dbo,quote,agree_contact,bit,1,1,0,1
dbo,quote,agree_contact_email,bit,1,1,0,1
dbo,quote,agree_contact_letter,bit,1,1,0,1
dbo,quote,agree_contact_mmpportal,bit,1,1,0,1
dbo,quote,agree_contact_phone,bit,1,1,0,1
dbo,quote,agree_contact_SMS,bit,1,1,0,1
dbo,quote,agree_illvac_excl,bit,1,1,0,1
dbo,quote,agree_preexisting_excl,bit,1,1,0,1
dbo,quote,agree_terms,bit,1,1,0,1
dbo,quote,agree_vicious_excl,bit,1,1,0,1
dbo,quote,agree_waiting_excl,bit,1,1,0,1
dbo,quote,agreeCoInsurance,bit,1,1,0,1
dbo,quote,all_pet_names,varchar,1000,0,0,1
dbo,quote,annual_premium,money,8,19,4,1
dbo,quote,campaign_code,varchar,250,0,0,1
dbo,quote,ClientIpAddress,nvarchar,40,0,0,1
dbo,quote,confirm_excluded_breeds,bit,1,1,0,0
dbo,quote,contact_num,varchar,32,0,0,1
dbo,quote,converted_systuser_id,int,4,10,0,1
dbo,quote,county,varchar,32,0,0,1
dbo,quote,cover_id,int,4,10,0,1
dbo,quote,create_timestamp,smalldatetime,4,16,0,0
dbo,quote,created_systuser_id,int,4,10,0,1
dbo,quote,DOB,smalldatetime,4,16,0,1
dbo,quote,email,varchar,64,0,0,1
dbo,quote,email_sent,tinyint,1,3,0,1
dbo,quote,EmailAddressConfirmation,varchar,64,0,0,1
dbo,quote,enquiry_method_code,char,1,0,0,1
dbo,quote,forename,varchar,32,0,0,1
dbo,quote,hear_about_us_id,int,4,10,0,1
dbo,quote,home_insurance_due,varchar,4,0,0,1
dbo,quote,house_name_num,varchar,50,0,0,1
dbo,quote,id,int,4,10,0,0
dbo,quote,is_multi_pet,bit,1,1,0,0
dbo,quote,LoyaltyCardNumbers,varchar,255,0,0,1
dbo,quote,min_cover_ordinal,int,4,10,0,1
dbo,quote,modified_systuser_id,int,4,10,0,1
dbo,quote,motor_insurance_due,varchar,4,0,0,1
dbo,quote,occupation_id,int,4,10,0,1
dbo,quote,opt_out_marketing,varchar,1,0,0,1
dbo,quote,other_policies,varchar,1024,0,0,1
dbo,quote,payment_detail_id,uniqueidentifier,16,0,0,1
dbo,quote,policy_start_date,smalldatetime,4,16,0,1
dbo,quote,postcode,varchar,16,0,0,1
dbo,quote,premium,money,8,19,4,1
dbo,quote,product_excess_id,int,4,10,0,1
dbo,quote,product_id,int,4,10,0,0
dbo,quote,promo_code,nvarchar,20,0,0,1
dbo,quote,quote_ref,varchar,16,0,0,1
dbo,quote,quote_status_id,int,4,10,0,1
dbo,quote,ReferrerID,nvarchar,100,0,0,1
dbo,quote,schedule_doc,image,16,0,0,1
dbo,quote,sent_by_post,bit,1,1,0,1
dbo,quote,street,varchar,32,0,0,1
dbo,quote,street2,varchar,64,0,0,1
dbo,quote,surname,varchar,32,0,0,1
dbo,quote,title_id,int,4,10,0,1
dbo,quote,town,varchar,32,0,0,1
dbo,quote,update_timestamp,smalldatetime,4,16,0,0
dbo,quote,VFV_clinic,varchar,32,0,0,1
dbo,quote,VFV_ClinicID,int,4,10,0,1
dbo,quote_optional_question,coverForIllness,bit,1,1,0,1
dbo,quote_optional_question,coverForOngoingTreatment,bit,1,1,0,1
dbo,quote_optional_question,id,int,4,10,0,0
dbo,quote_optional_question,quoteId,int,4,10,0,0
dbo,quote_payment_detail,enc_account_name,varbinary,256,0,0,1
dbo,quote_payment_detail,enc_account_number,varbinary,256,0,0,1
dbo,quote_payment_detail,enc_sort_code,varbinary,256,0,0,1
dbo,quote_payment_detail,id,int,4,10,0,0
dbo,quote_payment_detail,quote_id,int,4,10,0,0
dbo,quote_payment_detail,timestamp,datetime,8,23,3,1
dbo,quote_pet,accident,bit,1,1,0,1
dbo,quote_pet,accidentdetails,text,16,0,0,1
dbo,quote_pet,agg_cover_id,int,4,10,0,1
dbo,quote_pet,animal_type_id,int,4,10,0,1
dbo,quote_pet,annual_premium,money,8,19,4,1
dbo,quote_pet,breed_id,int,4,10,0,1
dbo,quote_pet,chip_number,varchar,32,0,0,1
dbo,quote_pet,colour,varchar,50,0,0,1
dbo,quote_pet,commission_administrator_absolute,money,8,19,4,1
dbo,quote_pet,commission_administrator_rate,money,8,19,4,1
dbo,quote_pet,commission_affinity_absolute,money,8,19,4,1
dbo,quote_pet,commission_affinity_rate,money,8,19,4,1
dbo,quote_pet,commission_introducer_absolute,money,8,19,4,1
dbo,quote_pet,commission_introducer_rate,money,8,19,4,1
dbo,quote_pet,commission_underwriter_absolute,money,8,19,4,1
dbo,quote_pet,commission_underwriter_rate,money,8,19,4,1
dbo,quote_pet,cover_id,int,4,10,0,1
dbo,quote_pet,create_timestamp,smalldatetime,4,16,0,0
dbo,quote_pet,credit_charge_absolute,money,8,19,4,1
dbo,quote_pet,exclusion,varchar,255,0,0,1
dbo,quote_pet,exclusion_review,bit,1,1,0,1
dbo,quote_pet,helpline_charge_absolute,money,8,19,4,1
dbo,quote_pet,id,int,4,10,0,0
dbo,quote_pet,IgnoreMultiPetDiscount,bit,1,1,0,1
dbo,quote_pet,incidcent,varchar,500,0,0,1
dbo,quote_pet,incident,varchar,500,0,0,1
dbo,quote_pet,IPT_absolute,money,8,19,4,1
dbo,quote_pet,kept_at_home,bit,1,1,0,1
dbo,quote_pet,kfconfirm,bit,1,1,0,1
dbo,quote_pet,microchip,bit,1,1,0,1
dbo,quote_pet,microchipnumber,nvarchar,64,0,0,1
dbo,quote_pet,multipet_discount,decimal,5,5,2,1
dbo,quote_pet,multipet_discount_absolute,money,8,19,4,1
dbo,quote_pet,neutered,bit,1,1,0,1
dbo,quote_pet,not_breeding,bit,1,1,0,1
dbo,quote_pet,not_hunting,bit,1,1,0,1
dbo,quote_pet,not_racing,bit,1,1,0,1
dbo,quote_pet,not_working,bit,1,1,0,1
dbo,quote_pet,offer_discount,decimal,5,5,2,1
dbo,quote_pet,offer_discount_absolute,money,8,19,4,1
dbo,quote_pet,owned,bit,1,1,0,1
dbo,quote_pet,pet_DOB,date,3,10,0,1
dbo,quote_pet,pet_name,varchar,64,0,0,1
dbo,quote_pet,pet_number,bigint,8,19,0,1
dbo,quote_pet,premium,money,8,19,4,1
dbo,quote_pet,pricing_engine_id,bigint,8,19,0,0
dbo,quote_pet,product_gender_id,int,4,10,0,1
dbo,quote_pet,promo_discount,decimal,5,5,2,1
dbo,quote_pet,promo_discount_absolute,money,8,19,4,1
dbo,quote_pet,purchase_price,money,8,19,4,1
dbo,quote_pet,quote_id,int,4,10,0,0
dbo,quote_pet,RescuedOrAdopted,bit,1,1,0,1
dbo,quote_pet,sick,bit,1,1,0,1
dbo,quote_pet,sickdetails,varchar,500,0,0,1
dbo,quote_pet,tpl_absolute,money,8,19,4,1
dbo,quote_pet,update_timestamp,smalldatetime,4,16,0,0
dbo,quote_pet,vet_visit,varchar,500,0,0,1
dbo,quote_pet,vetvisit,bit,1,1,0,1
dbo,quote_pet,vetvisitdetails,text,16,0,0,1
dbo,quote_pet,vol_excess,money,8,19,4,1
dbo,quote_pet_charity,charity_id,int,4,10,0,1
dbo,quote_pet_charity,donation,money,8,19,4,1
dbo,quote_pet_charity,quote_pet_id,int,4,10,0,1
dbo,quote_pet_introductory_discount,applied_date,smalldatetime,4,16,0,0
dbo,quote_pet_introductory_discount,discount,decimal,5,5,2,0
dbo,quote_pet_introductory_discount,funded_by,int,4,10,0,1
dbo,quote_pet_introductory_discount,id,int,4,10,0,0
dbo,quote_pet_introductory_discount,introductory_discount_id,int,4,10,0,0
dbo,quote_pet_introductory_discount,quote_pet_id,int,4,10,0,0
dbo,quote_quarantine,affinity,varchar,3,0,0,1
dbo,quote_quarantine,agg_remote_ref,varchar,50,0,0,1
dbo,quote_quarantine,agree_contact,bit,1,1,0,1
dbo,quote_quarantine,agree_illvac_excl,bit,1,1,0,1
dbo,quote_quarantine,agree_preexisting_excl,bit,1,1,0,1
dbo,quote_quarantine,agree_terms,bit,1,1,0,1
dbo,quote_quarantine,agree_vicious_excl,bit,1,1,0,1
dbo,quote_quarantine,agree_waiting_excl,bit,1,1,0,1
dbo,quote_quarantine,ClientIpAddress,nvarchar,40,0,0,1
dbo,quote_quarantine,contact_num,varchar,32,0,0,1
dbo,quote_quarantine,converted_systuser_id,int,4,10,0,1
dbo,quote_quarantine,county,varchar,32,0,0,1
dbo,quote_quarantine,cover_id,int,4,10,0,1
dbo,quote_quarantine,create_timestamp,smalldatetime,4,16,0,1
dbo,quote_quarantine,created_systuser_id,int,4,10,0,1
dbo,quote_quarantine,DOB,date,3,10,0,1
dbo,quote_quarantine,email,varchar,64,0,0,1
dbo,quote_quarantine,email_sent,tinyint,1,3,0,1
dbo,quote_quarantine,forename,varchar,32,0,0,1
dbo,quote_quarantine,hear_about_us_id,int,4,10,0,1
dbo,quote_quarantine,home_insurance_due,varchar,4,0,0,1
dbo,quote_quarantine,house_name_num,varchar,50,0,0,1
dbo,quote_quarantine,id,int,4,10,0,0
dbo,quote_quarantine,min_cover_ordinal,int,4,10,0,1
dbo,quote_quarantine,modified_systuser_id,int,4,10,0,1
dbo,quote_quarantine,motor_insurance_due,varchar,4,0,0,1
dbo,quote_quarantine,occupation_id,int,4,10,0,1
dbo,quote_quarantine,opt_out_marketing,varchar,1,0,0,1
dbo,quote_quarantine,other_policies,varchar,1024,0,0,1
dbo,quote_quarantine,payment_detail_id,uniqueidentifier,16,0,0,1
dbo,quote_quarantine,policy_start_date,date,3,10,0,1
dbo,quote_quarantine,postcode,varchar,16,0,0,1
dbo,quote_quarantine,premium,money,8,19,4,1
dbo,quote_quarantine,product_excess_id,int,4,10,0,1
dbo,quote_quarantine,product_id,int,4,10,0,0
dbo,quote_quarantine,promo_code,nvarchar,20,0,0,1
dbo,quote_quarantine,quote_ref,varchar,16,0,0,1
dbo,quote_quarantine,quote_status_id,int,4,10,0,1
dbo,quote_quarantine,ReferrerID,nvarchar,100,0,0,1
dbo,quote_quarantine,schedule_doc,image,16,0,0,1
dbo,quote_quarantine,street,varchar,32,0,0,1
dbo,quote_quarantine,street2,varchar,64,0,0,1
dbo,quote_quarantine,surname,varchar,32,0,0,1
dbo,quote_quarantine,title_id,int,4,10,0,1
dbo,quote_quarantine,town,varchar,32,0,0,1
dbo,quote_quarantine,update_timestamp,smalldatetime,4,16,0,1
dbo,quote_quarantine,VFV_clinic,varchar,32,0,0,1
dbo,quote_quarantine,VFV_ClinicID,int,4,10,0,1
dbo,quote_status,description,varchar,64,0,0,0
dbo,quote_status,id,int,4,10,0,0
dbo,QuoteEmailQueue,Created,datetime,8,23,3,0
dbo,QuoteEmailQueue,QuoteId,int,4,10,0,0
dbo,QuoteListExclusion,FurtherDetail,varchar,256,0,0,1
dbo,QuoteListExclusion,Id,int,4,10,0,0
dbo,QuoteListExclusion,QuoteListExclusionTypeId,int,4,10,0,0
dbo,QuoteListExclusion,Value,varchar,40,0,0,0
dbo,QuoteListExclusionType,Description,varchar,40,0,0,0
dbo,QuoteListExclusionType,Id,int,4,10,0,0
dbo,QuoteSentToThirdParty,ID,int,4,10,0,0
dbo,QuoteSentToThirdParty,QuoteId,int,4,10,0,0
dbo,QuoteSentToThirdParty,SentToThirdParty,bit,1,1,0,0
dbo,QuoteTypeCosmosError,accident,bit,1,1,0,1
dbo,QuoteTypeCosmosError,accidentdetails,text,16,0,0,1
dbo,QuoteTypeCosmosError,affinity,varchar,-1,0,0,1
dbo,QuoteTypeCosmosError,agg_click_through_url,varchar,-1,0,0,1
dbo,QuoteTypeCosmosError,agg_cover_id,int,4,10,0,1
dbo,QuoteTypeCosmosError,agg_remote_ref,nvarchar,-1,0,0,1
dbo,QuoteTypeCosmosError,agree_contact,bit,1,1,0,1
dbo,QuoteTypeCosmosError,agree_contact_email,bit,1,1,0,1
dbo,QuoteTypeCosmosError,agree_contact_letter,bit,1,1,0,1
dbo,QuoteTypeCosmosError,agree_contact_mmpportal,bit,1,1,0,1
dbo,QuoteTypeCosmosError,agree_contact_phone,bit,1,1,0,1
dbo,QuoteTypeCosmosError,agree_contact_SMS,bit,1,1,0,1
dbo,QuoteTypeCosmosError,agree_illvac_excl,bit,1,1,0,1
dbo,QuoteTypeCosmosError,agree_preexisting_excl,bit,1,1,0,1
dbo,QuoteTypeCosmosError,agree_terms,bit,1,1,0,1
dbo,QuoteTypeCosmosError,agree_vicious_excl,bit,1,1,0,1
dbo,QuoteTypeCosmosError,agree_waiting_excl,bit,1,1,0,1
dbo,QuoteTypeCosmosError,agreeCoInsurance,bit,1,1,0,1
dbo,QuoteTypeCosmosError,all_pet_names,varchar,-1,0,0,1
dbo,QuoteTypeCosmosError,animal_type_id,int,4,10,0,1
dbo,QuoteTypeCosmosError,annual_premium,money,8,19,4,1
dbo,QuoteTypeCosmosError,breed_id,int,4,10,0,1
dbo,QuoteTypeCosmosError,campaign_code,varchar,-1,0,0,1
dbo,QuoteTypeCosmosError,chip_number,varchar,-1,0,0,1
dbo,QuoteTypeCosmosError,ClientIpAddress,nvarchar,-1,0,0,1
dbo,QuoteTypeCosmosError,colour,varchar,-1,0,0,1
dbo,QuoteTypeCosmosError,commission_administrator_absolute,money,8,19,4,1
dbo,QuoteTypeCosmosError,commission_administrator_rate,money,8,19,4,1
dbo,QuoteTypeCosmosError,commission_affinity_absolute,money,8,19,4,1
dbo,QuoteTypeCosmosError,commission_affinity_rate,money,8,19,4,1
dbo,QuoteTypeCosmosError,commission_introducer_absolute,money,8,19,4,1
dbo,QuoteTypeCosmosError,commission_introducer_rate,money,8,19,4,1
dbo,QuoteTypeCosmosError,commission_underwriter_absolute,money,8,19,4,1
dbo,QuoteTypeCosmosError,commission_underwriter_rate,money,8,19,4,1
dbo,QuoteTypeCosmosError,confirm_excluded_breeds,bit,1,1,0,1
dbo,QuoteTypeCosmosError,contact_num,varchar,-1,0,0,1
dbo,QuoteTypeCosmosError,converted_systuser_id,int,4,10,0,1
dbo,QuoteTypeCosmosError,county,varchar,-1,0,0,1
dbo,QuoteTypeCosmosError,cover_id,int,4,10,0,1
dbo,QuoteTypeCosmosError,create_timestamp,smalldatetime,4,16,0,1
dbo,QuoteTypeCosmosError,created_systuser_id,int,4,10,0,1
dbo,QuoteTypeCosmosError,credit_charge_absolute,money,8,19,4,1
dbo,QuoteTypeCosmosError,DOB,smalldatetime,4,16,0,1
dbo,QuoteTypeCosmosError,email,varchar,-1,0,0,1
dbo,QuoteTypeCosmosError,email_sent,tinyint,1,3,0,1
dbo,QuoteTypeCosmosError,EmailAddressConfirmation,varchar,-1,0,0,1
dbo,QuoteTypeCosmosError,enquiry_method_code,char,1,0,0,1
dbo,QuoteTypeCosmosError,exclusion,varchar,-1,0,0,1
dbo,QuoteTypeCosmosError,exclusion_review,bit,1,1,0,1
dbo,QuoteTypeCosmosError,forename,varchar,-1,0,0,1
dbo,QuoteTypeCosmosError,hear_about_us_id,int,4,10,0,1
dbo,QuoteTypeCosmosError,helpline_charge_absolute,money,8,19,4,1
dbo,QuoteTypeCosmosError,home_insurance_due,varchar,-1,0,0,1
dbo,QuoteTypeCosmosError,house_name_num,varchar,-1,0,0,1
dbo,QuoteTypeCosmosError,id,int,4,10,0,1
dbo,QuoteTypeCosmosError,IgnoreMultiPetDiscount,bit,1,1,0,1
dbo,QuoteTypeCosmosError,incidcent,varchar,-1,0,0,1
dbo,QuoteTypeCosmosError,incident,varchar,-1,0,0,1
dbo,QuoteTypeCosmosError,IPT_absolute,money,8,19,4,1
dbo,QuoteTypeCosmosError,is_multi_pet,bit,1,1,0,1
dbo,QuoteTypeCosmosError,kept_at_home,bit,1,1,0,1
dbo,QuoteTypeCosmosError,kfconfirm,bit,1,1,0,1
dbo,QuoteTypeCosmosError,LoyaltyCardNumbers,varchar,-1,0,0,1
dbo,QuoteTypeCosmosError,microchip,bit,1,1,0,1
dbo,QuoteTypeCosmosError,microchipnumber,nvarchar,-1,0,0,1
dbo,QuoteTypeCosmosError,min_cover_ordinal,int,4,10,0,1
dbo,QuoteTypeCosmosError,modified_systuser_id,int,4,10,0,1
dbo,QuoteTypeCosmosError,motor_insurance_due,varchar,-1,0,0,1
dbo,QuoteTypeCosmosError,multipet_discount,decimal,5,5,2,1
dbo,QuoteTypeCosmosError,multipet_discount_absolute,money,8,19,4,1
dbo,QuoteTypeCosmosError,neutered,bit,1,1,0,1
dbo,QuoteTypeCosmosError,not_breeding,bit,1,1,0,1
dbo,QuoteTypeCosmosError,not_hunting,bit,1,1,0,1
dbo,QuoteTypeCosmosError,not_racing,bit,1,1,0,1
dbo,QuoteTypeCosmosError,not_working,bit,1,1,0,1
dbo,QuoteTypeCosmosError,occupation_id,int,4,10,0,1
dbo,QuoteTypeCosmosError,offer_discount,decimal,5,5,2,1
dbo,QuoteTypeCosmosError,offer_discount_absolute,money,8,19,4,1
dbo,QuoteTypeCosmosError,opt_out_marketing,varchar,-1,0,0,1
dbo,QuoteTypeCosmosError,other_policies,varchar,-1,0,0,1
dbo,QuoteTypeCosmosError,owned,bit,1,1,0,1
dbo,QuoteTypeCosmosError,payment_detail_id,uniqueidentifier,16,0,0,1
dbo,QuoteTypeCosmosError,pet_DOB,date,3,10,0,1
dbo,QuoteTypeCosmosError,pet_name,varchar,-1,0,0,1
dbo,QuoteTypeCosmosError,pet_number,bigint,8,19,0,1
dbo,QuoteTypeCosmosError,policy_start_date,smalldatetime,4,16,0,1
dbo,QuoteTypeCosmosError,postcode,varchar,-1,0,0,1
dbo,QuoteTypeCosmosError,premium,money,8,19,4,1
dbo,QuoteTypeCosmosError,pricing_engine_id,bigint,8,19,0,1
dbo,QuoteTypeCosmosError,product_excess_id,int,4,10,0,1
dbo,QuoteTypeCosmosError,product_gender_id,int,4,10,0,1
dbo,QuoteTypeCosmosError,product_id,int,4,10,0,1
dbo,QuoteTypeCosmosError,promo_code,nvarchar,-1,0,0,1
dbo,QuoteTypeCosmosError,promo_discount,decimal,5,5,2,1
dbo,QuoteTypeCosmosError,promo_discount_absolute,money,8,19,4,1
dbo,QuoteTypeCosmosError,purchase_price,money,8,19,4,1
dbo,QuoteTypeCosmosError,quote_id,int,4,10,0,1
dbo,QuoteTypeCosmosError,quote_ref,varchar,-1,0,0,1
dbo,QuoteTypeCosmosError,quote_status_id,int,4,10,0,1
dbo,QuoteTypeCosmosError,quotepet_annual_premium,money,8,19,4,1
dbo,QuoteTypeCosmosError,quotepet_cover_id,int,4,10,0,1
dbo,QuoteTypeCosmosError,quotepet_create_timestamp,smalldatetime,4,16,0,1
dbo,QuoteTypeCosmosError,quotepet_id,int,4,10,0,1
dbo,QuoteTypeCosmosError,quotepet_premium,money,8,19,4,1
dbo,QuoteTypeCosmosError,quotepet_update_timestamp,smalldatetime,4,16,0,1
dbo,QuoteTypeCosmosError,ReferrerID,nvarchar,-1,0,0,1
dbo,QuoteTypeCosmosError,RescuedOrAdopted,bit,1,1,0,1
dbo,QuoteTypeCosmosError,schedule_doc,image,16,0,0,1
dbo,QuoteTypeCosmosError,sent_by_post,bit,1,1,0,1
dbo,QuoteTypeCosmosError,sick,bit,1,1,0,1
dbo,QuoteTypeCosmosError,sickdetails,varchar,-1,0,0,1
dbo,QuoteTypeCosmosError,street,varchar,-1,0,0,1
dbo,QuoteTypeCosmosError,street2,varchar,-1,0,0,1
dbo,QuoteTypeCosmosError,surname,varchar,-1,0,0,1
dbo,QuoteTypeCosmosError,title_id,int,4,10,0,1
dbo,QuoteTypeCosmosError,town,varchar,-1,0,0,1
dbo,QuoteTypeCosmosError,tpl_absolute,money,8,19,4,1
dbo,QuoteTypeCosmosError,update_timestamp,smalldatetime,4,16,0,1
dbo,QuoteTypeCosmosError,vet_visit,varchar,-1,0,0,1
dbo,QuoteTypeCosmosError,vetvisit,bit,1,1,0,1
dbo,QuoteTypeCosmosError,vetvisitdetails,text,16,0,0,1
dbo,QuoteTypeCosmosError,VFV_clinic,varchar,-1,0,0,1
dbo,QuoteTypeCosmosError,VFV_ClinicID,int,4,10,0,1
dbo,QuoteTypeCosmosError,vol_excess,money,8,19,4,1
dbo,qz breeds,animal_type_id,varchar,50,0,0,1
dbo,qz breeds,breed_id,varchar,50,0,0,1
dbo,qz breeds,description,varchar,50,0,0,1
dbo,qz breeds,id,varchar,50,0,0,1
dbo,renewal_cover,id,int,4,10,0,0
dbo,renewal_cover,Inactive_Date,datetime,8,23,3,1
dbo,renewal_cover,new_cover_id,int,4,10,0,1
dbo,renewal_cover,old_cover_id,int,4,10,0,1
dbo,renewal_cover,valid_from,date,3,10,0,1
dbo,renewal_matrix,claims,int,4,10,0,1
dbo,renewal_matrix,effective_date,date,3,10,0,1
dbo,renewal_matrix,id,int,4,10,0,0
dbo,renewal_matrix,inactive_date,date,3,10,0,1
dbo,renewal_matrix,loading,decimal,5,5,2,1
dbo,renewal_matrix,product_id,int,4,10,0,1
dbo,renewal_matrix,recurrence,int,4,10,0,1
dbo,renewal_matrix,underwriter,varchar,3,0,0,1
dbo,renewal_matrix,value,int,4,10,0,1
dbo,renewal_premium_override,cover_discount_id,int,4,10,0,1
dbo,renewal_premium_override,cover_id,int,4,10,0,1
dbo,renewal_premium_override,datetimestamp,datetime,8,23,3,1
dbo,renewal_premium_override,id,int,4,10,0,0
dbo,renewal_premium_override,policy_id,int,4,10,0,1
dbo,renewal_premium_override,premium,decimal,9,10,2,1
dbo,renewal_premium_override,pricing_engine_id,bigint,8,19,0,0
dbo,renewal_premium_override,renewal_year,int,4,10,0,1
dbo,renewal_premium_override,systuser_id,int,4,10,0,1
dbo,renewal_product,id,int,4,10,0,0
dbo,renewal_product,new_product_id,int,4,10,0,1
dbo,renewal_product,new_product_prefix,char,3,0,0,1
dbo,renewal_product,old_product_id,int,4,10,0,1
dbo,renewal_product,old_product_prefix,char,3,0,0,1
dbo,ReportBlacklist,BlacklistedData,varchar,50,0,0,0
dbo,ReportBlacklist,FieldName,varchar,50,0,0,0
dbo,sagepay_transaction,ApplicationTypeId,int,4,10,0,0
dbo,sagepay_transaction,create_timestamp,datetime,8,23,3,1
dbo,sagepay_transaction,id,int,4,10,0,0
dbo,sagepay_transaction,policy_id,int,4,10,0,1
dbo,sagepay_transaction,ProductPaymentProviderConfigId,int,4,10,0,1
dbo,sagepay_transaction,quote_id,int,4,10,0,1
dbo,sagepay_transaction,SecurityKey,varchar,256,0,0,1
dbo,sagepay_transaction,TransactionAmount,decimal,9,10,2,0
dbo,sagepay_transaction,VendorTxId,varchar,256,0,0,1
dbo,sagepay_transaction,VPSTxId,varchar,256,0,0,1
dbo,sales_ip_address,ip_address,varchar,20,0,0,0
dbo,schedule_section_config,AffinityCode,nvarchar,20,0,0,0
dbo,schedule_section_config,Id,int,4,10,0,0
dbo,schedule_section_config,ScheduleDescription,nvarchar,100,0,0,0
dbo,schedule_section_config,SectionId,int,4,10,0,0
dbo,section,alternative_description,varchar,256,0,0,1
dbo,section,description,varchar,256,0,0,0
dbo,section,help_content,varchar,4000,0,0,1
dbo,section,id,int,4,10,0,0
dbo,section,ordinal,int,4,10,0,0
dbo,section,product_id,int,4,10,0,0
dbo,section,section_id,int,4,10,0,1
dbo,section_ROB_BOWMAN_SAFE_COPY,alternative_description,varchar,256,0,0,1
dbo,section_ROB_BOWMAN_SAFE_COPY,description,varchar,256,0,0,0
dbo,section_ROB_BOWMAN_SAFE_COPY,help_content,varchar,4000,0,0,1
dbo,section_ROB_BOWMAN_SAFE_COPY,id,int,4,10,0,0
dbo,section_ROB_BOWMAN_SAFE_COPY,ordinal,int,4,10,0,0
dbo,section_ROB_BOWMAN_SAFE_COPY,product_id,int,4,10,0,0
dbo,section_ROB_BOWMAN_SAFE_COPY,section_id,int,4,10,0,1
dbo,SiteType,Description,varchar,20,0,0,0
dbo,SiteType,ID,int,4,10,0,0
dbo,surcharge,card_type_id,int,4,10,0,0
dbo,surcharge,end_date,date,3,10,0,1
dbo,surcharge,id,int,4,10,0,0
dbo,surcharge,is_percentage_value,bit,1,1,0,1
dbo,surcharge,product_id,int,4,10,0,0
dbo,surcharge,start_date,date,3,10,0,1
dbo,surcharge,surcharge_value,decimal,5,5,2,1
dbo,sysarticlecolumns,artid,int,4,10,0,0
dbo,sysarticlecolumns,colid,int,4,10,0,0
dbo,sysarticlecolumns,is_max,bit,1,1,0,1
dbo,sysarticlecolumns,is_udt,bit,1,1,0,1
dbo,sysarticlecolumns,is_xml,bit,1,1,0,1
dbo,sysarticles,artid,int,4,10,0,0
dbo,sysarticles,creation_script,nvarchar,510,0,0,1
dbo,sysarticles,custom_script,nvarchar,4096,0,0,1
dbo,sysarticles,del_cmd,nvarchar,510,0,0,1
dbo,sysarticles,del_scripting_proc,int,4,10,0,1
dbo,sysarticles,description,nvarchar,510,0,0,1
dbo,sysarticles,dest_owner,sysname,256,0,0,1
dbo,sysarticles,dest_table,sysname,256,0,0,0
dbo,sysarticles,filter,int,4,10,0,0
dbo,sysarticles,filter_clause,nvarchar,-1,0,0,1
dbo,sysarticles,fire_triggers_on_snapshot,bit,1,1,0,0
dbo,sysarticles,ins_cmd,nvarchar,510,0,0,1
dbo,sysarticles,ins_scripting_proc,int,4,10,0,1
dbo,sysarticles,name,sysname,256,0,0,0
dbo,sysarticles,objid,int,4,10,0,0
dbo,sysarticles,pre_creation_cmd,tinyint,1,3,0,0
dbo,sysarticles,pubid,int,4,10,0,0
dbo,sysarticles,schema_option,binary,8,0,0,1
dbo,sysarticles,status,tinyint,1,3,0,0
dbo,sysarticles,sync_objid,int,4,10,0,0
dbo,sysarticles,type,tinyint,1,3,0,0
dbo,sysarticles,upd_cmd,nvarchar,510,0,0,1
dbo,sysarticles,upd_scripting_proc,int,4,10,0,1
dbo,sysarticleupdates,artid,int,4,10,0,0
dbo,sysarticleupdates,autogen,bit,1,1,0,0
dbo,sysarticleupdates,conflict_tableid,int,4,10,0,1
dbo,sysarticleupdates,identity_support,bit,1,1,0,0
dbo,sysarticleupdates,ins_conflict_proc,int,4,10,0,1
dbo,sysarticleupdates,pubid,int,4,10,0,0
dbo,sysarticleupdates,sync_del_proc,int,4,10,0,0
dbo,sysarticleupdates,sync_ins_proc,int,4,10,0,0
dbo,sysarticleupdates,sync_upd_proc,int,4,10,0,0
dbo,sysarticleupdates,sync_upd_trig,int,4,10,0,0
dbo,syspublications,ad_guidname,sysname,256,0,0,1
dbo,syspublications,allow_anonymous,bit,1,1,0,0
dbo,syspublications,allow_dts,bit,1,1,0,0
dbo,syspublications,allow_initialize_from_backup,bit,1,1,0,0
dbo,syspublications,allow_pull,bit,1,1,0,0
dbo,syspublications,allow_push,bit,1,1,0,0
dbo,syspublications,allow_queued_tran,bit,1,1,0,0
dbo,syspublications,allow_subscription_copy,bit,1,1,0,0
dbo,syspublications,allow_sync_tran,bit,1,1,0,0
dbo,syspublications,alt_snapshot_folder,nvarchar,510,0,0,1
dbo,syspublications,autogen_sync_procs,bit,1,1,0,0
dbo,syspublications,backward_comp_level,int,4,10,0,0
dbo,syspublications,centralized_conflicts,bit,1,1,0,1
dbo,syspublications,compress_snapshot,bit,1,1,0,0
dbo,syspublications,conflict_policy,int,4,10,0,1
dbo,syspublications,conflict_retention,int,4,10,0,1
dbo,syspublications,description,nvarchar,510,0,0,1
dbo,syspublications,enabled_for_internet,bit,1,1,0,0
dbo,syspublications,ftp_address,sysname,256,0,0,1
dbo,syspublications,ftp_login,sysname,256,0,0,1
dbo,syspublications,ftp_password,nvarchar,1048,0,0,1
dbo,syspublications,ftp_port,int,4,10,0,0
dbo,syspublications,ftp_subdirectory,nvarchar,510,0,0,1
dbo,syspublications,immediate_sync,bit,1,1,0,0
dbo,syspublications,immediate_sync_ready,bit,1,1,0,0
dbo,syspublications,independent_agent,bit,1,1,0,0
dbo,syspublications,min_autonosync_lsn,binary,10,0,0,1
dbo,syspublications,name,sysname,256,0,0,0
dbo,syspublications,options,int,4,10,0,0
dbo,syspublications,originator_id,int,4,10,0,1
dbo,syspublications,post_snapshot_script,nvarchar,510,0,0,1
dbo,syspublications,pre_snapshot_script,nvarchar,510,0,0,1
dbo,syspublications,pubid,int,4,10,0,0
dbo,syspublications,queue_type,int,4,10,0,1
dbo,syspublications,repl_freq,tinyint,1,3,0,0
dbo,syspublications,replicate_ddl,int,4,10,0,1
dbo,syspublications,retention,int,4,10,0,1
dbo,syspublications,snapshot_in_defaultfolder,bit,1,1,0,0
dbo,syspublications,snapshot_jobid,binary,16,0,0,1
dbo,syspublications,status,tinyint,1,3,0,0
dbo,syspublications,sync_method,tinyint,1,3,0,0
dbo,sysreplservers,srvid,int,4,10,0,1
dbo,sysreplservers,srvname,sysname,256,0,0,0
dbo,sysschemaarticles,artid,int,4,10,0,0
dbo,sysschemaarticles,creation_script,nvarchar,510,0,0,1
dbo,sysschemaarticles,description,nvarchar,510,0,0,1
dbo,sysschemaarticles,dest_object,sysname,256,0,0,0
dbo,sysschemaarticles,dest_owner,sysname,256,0,0,1
dbo,sysschemaarticles,name,sysname,256,0,0,0
dbo,sysschemaarticles,objid,int,4,10,0,0
dbo,sysschemaarticles,pre_creation_cmd,tinyint,1,3,0,0
dbo,sysschemaarticles,pubid,int,4,10,0,0
dbo,sysschemaarticles,schema_option,binary,8,0,0,1
dbo,sysschemaarticles,status,int,4,10,0,0
dbo,sysschemaarticles,type,tinyint,1,3,0,0
dbo,syssubscriptions,artid,int,4,10,0,0
dbo,syssubscriptions,dest_db,sysname,256,0,0,0
dbo,syssubscriptions,distribution_jobid,binary,16,0,0,1
dbo,syssubscriptions,login_name,sysname,256,0,0,0
dbo,syssubscriptions,loopback_detection,bit,1,1,0,0
dbo,syssubscriptions,nosync_type,tinyint,1,3,0,0
dbo,syssubscriptions,queued_reinit,bit,1,1,0,0
dbo,syssubscriptions,srvid,smallint,2,5,0,0
dbo,syssubscriptions,srvname,sysname,256,0,0,0
dbo,syssubscriptions,status,tinyint,1,3,0,0
dbo,syssubscriptions,subscription_type,int,4,10,0,0
dbo,syssubscriptions,sync_type,tinyint,1,3,0,0
dbo,syssubscriptions,timestamp,timestamp,8,0,0,0
dbo,syssubscriptions,update_mode,tinyint,1,3,0,0
dbo,SystEnvironment,Description,varchar,20,0,0,0
dbo,SystEnvironment,ID,int,4,10,0,0
dbo,systgroup,description,varchar,32,0,0,0
dbo,systgroup,id,int,4,10,0,0
dbo,systranschemas,endlsn,binary,10,0,0,0
dbo,systranschemas,startlsn,binary,10,0,0,0
dbo,systranschemas,tabid,int,4,10,0,0
dbo,systranschemas,typeid,int,4,10,0,0
dbo,systuser,email_address,varchar,128,0,0,1
dbo,systuser,forename,varchar,32,0,0,1
dbo,systuser,id,int,4,10,0,0
dbo,systuser,password,varchar,32,0,0,0
dbo,systuser,password_prompt,varchar,64,0,0,1
dbo,systuser,pw_date,smalldatetime,4,16,0,0
dbo,systuser,surname,varchar,32,0,0,1
dbo,systuser,systgroup_id,int,4,10,0,0
dbo,systuser,time_stamp,smalldatetime,4,16,0,0
dbo,systuser,title_id,int,4,10,0,1
dbo,systuser,user_status,bit,1,1,0,1
dbo,systuser,username,varchar,32,0,0,0
dbo,systuser_logon_history,forename,varchar,32,0,0,0
dbo,systuser_logon_history,ip_address,varchar,32,0,0,1
dbo,systuser_logon_history,surname,varchar,32,0,0,0
dbo,systuser_logon_history,systuser_id,int,4,10,0,1
dbo,systuser_logon_history,time_stamp,smalldatetime,4,16,0,0
dbo,systuser_logon_history,username,varchar,50,0,0,0
dbo,temp_postcodes,postcode,varchar,64,0,0,1
dbo,temp_postcodes,rating,int,4,10,0,1
dbo,temp_vet,geoaccuracy,int,4,10,0,1
dbo,temp_vet,geoerror,varchar,255,0,0,1
dbo,temp_vet,latitude,varchar,50,0,0,1
dbo,temp_vet,longitude,varchar,50,0,0,1
dbo,temp_vet,postcode,varchar,16,0,0,1
dbo,testimonial,active,bit,1,1,0,1
dbo,testimonial,date,date,3,10,0,0
dbo,testimonial,id,int,4,10,0,0
dbo,testimonial,ordinal,int,4,10,0,1
dbo,testimonial,product_prefix,varchar,3,0,0,0
dbo,testimonial,testimonial,varchar,1000,0,0,0
dbo,testimonial,testimonial_footer,varchar,200,0,0,0
dbo,testimonial,update_timestamp,datetime,8,23,3,1
dbo,testimonial,user_last_change_id,int,4,10,0,1
dbo,title,description,varchar,32,0,0,0
dbo,title,id,int,4,10,0,0
dbo,underwriting_check,description,varchar,256,0,0,0
dbo,underwriting_check,id,int,4,10,0,0
dbo,underwriting_check,page_id,int,4,10,0,1
dbo,underwriting_check,product_id,int,4,10,0,1
dbo,VV_Clinic,area_id,int,4,10,0,0
dbo,VV_Clinic,description,varchar,64,0,0,0
dbo,VV_Clinic,id,int,4,10,0,0
dbo,VV_Clinic,status,tinyint,1,3,0,1
dbo,zenith_breed_mapping,cover_id,int,4,10,0,0
dbo,zenith_breed_mapping,effective_date,date,3,10,0,0
dbo,zenith_breed_mapping,id,int,4,10,0,0
dbo,zenith_breed_mapping,sales_type,varchar,50,0,0,0
dbo,zenith_breed_mapping,upp_breed_id,int,4,10,0,0
dbo,zenith_breed_mapping,zenith_breed_id,int,4,10,0,0
dbo,zenith_breed_mapping3,effective_date,date,3,10,0,0
dbo,zenith_breed_mapping3,upp_breed_id,int,4,10,0,0
dbo,zenith_breed_mapping3,zenith_breed_id,int,4,10,0,0
Debenhams,VoucherConfig,CampaignId,int,4,10,0,0
Debenhams,VoucherConfig,DaysAfterInception,int,4,10,0,0
Debenhams,VoucherConfig,Id,int,4,10,0,0
Debenhams,VoucherConfig,ReferrerId,varchar,50,0,0,1
Debenhams,VoucherConfig,Value,decimal,5,5,2,0
Pricing,Breakdown,AssetID,varchar,50,0,0,1
Pricing,Breakdown,Breakdown,varchar,-1,0,0,1
Pricing,Breakdown,CoverId,int,4,10,0,0
Pricing,Breakdown,Created,datetime,8,23,3,0
Pricing,Breakdown,Id,uniqueidentifier,16,0,0,0
Pricing,Breakdown,Identifier,int,4,10,0,1
Pricing,Breakdown,Premium,decimal,9,10,2,0
Pricing,Breakdown,PricingEngineId,bigint,8,19,0,0
Pricing,Breakdown,SequenceId,varchar,36,0,0,0
Pricing,Breakdown,SourceId,int,4,10,0,0
Pricing,Breakdown,Uploaded,bit,1,1,0,0
Pricing,Breakdown_old,AssetID,varchar,50,0,0,1
Pricing,Breakdown_old,Breakdown,varchar,-1,0,0,1
Pricing,Breakdown_old,CoverId,int,4,10,0,0
Pricing,Breakdown_old,Created,datetime,8,23,3,0
Pricing,Breakdown_old,Id,uniqueidentifier,16,0,0,0
Pricing,Breakdown_old,Identifier,int,4,10,0,1
Pricing,Breakdown_old,Premium,decimal,9,10,2,0
Pricing,Breakdown_old,PricingEngineId,bigint,8,19,0,0
Pricing,Breakdown_old,SequenceId,varchar,36,0,0,0
Pricing,Breakdown_old,SourceId,int,4,10,0,0
Pricing,Breakdown_old,Uploaded,bit,1,1,0,0
Pricing,Breakdown-8-8-18,Breakdown,varchar,-1,0,0,1
Pricing,Breakdown-8-8-18,CoverId,int,4,10,0,0
Pricing,Breakdown-8-8-18,Created,datetime,8,23,3,0
Pricing,Breakdown-8-8-18,Id,uniqueidentifier,16,0,0,0
Pricing,Breakdown-8-8-18,Identifier,int,4,10,0,1
Pricing,Breakdown-8-8-18,Premium,decimal,9,10,2,0
Pricing,Breakdown-8-8-18,PricingEngineId,bigint,8,19,0,0
Pricing,Breakdown-8-8-18,SequenceId,varchar,36,0,0,0
Pricing,Breakdown-8-8-18,SourceId,int,4,10,0,0
Pricing,Breakdown-8-8-18,Uploaded,bit,1,1,0,0
Pricing,BreakdownAssociation,BreakdownId,uniqueidentifier,16,0,0,0
Pricing,BreakdownAssociation,Identifier,int,4,10,0,0
Pricing,BreakdownAssociation,SourceId,int,4,10,0,0
Pricing,Source,Description,varchar,20,0,0,1
Pricing,Source,Id,int,4,10,0,0
products,BaseSite,ID,int,4,10,0,0
products,BaseSite,ProductID,int,4,10,0,0
products,BaseSite,SiteAddress,varchar,100,0,0,0
products,BaseSite,SiteTypeID,int,4,10,0,0
products,BaseSite,SystEnvironmentID,int,4,10,0,0
products,ProductQBActionMethod,ID,int,4,10,0,0
products,ProductQBActionMethod,ProductID,int,4,10,0,0
products,ProductQBActionMethod,QBActionMethodID,int,4,10,0,0
Voucher,Allocation,Created,datetime2,8,27,7,0
Voucher,Allocation,EntityIdentifier,int,4,10,0,0
Voucher,Allocation,EntityType,varchar,255,0,0,0
Voucher,Allocation,Guid,uniqueidentifier,16,0,0,0
Voucher,Allocation,VoucherId,int,4,10,0,0
Voucher,Campaign,Affinity,varchar,3,0,0,0
Voucher,Campaign,Created,datetime2,8,27,7,0
Voucher,Campaign,Description,varchar,255,0,0,0
Voucher,Campaign,EndAfter,datetime2,8,27,7,1
Voucher,Campaign,Id,int,4,10,0,0
Voucher,Campaign,StartOn,datetime2,8,27,7,0
Voucher,Property,Key,varchar,255,0,0,0
Voucher,Property,Value,varchar,255,0,0,0
Voucher,Property,VoucherId,int,4,10,0,0
Voucher,UnallocatedVouchers,Amount,decimal,5,6,2,0
Voucher,UnallocatedVouchers,CampaignId,int,4,10,0,0
Voucher,UnallocatedVouchers,Code,varchar,255,0,0,0
Voucher,UnallocatedVouchers,Created,datetime2,8,27,7,0
Voucher,UnallocatedVouchers,ExpireAfter,datetime2,8,27,7,1
Voucher,UnallocatedVouchers,Id,int,4,10,0,0
Voucher,UnallocatedVouchers,ValidFrom,datetime2,8,27,7,0
Voucher,Voucher,Amount,decimal,5,6,2,0
Voucher,Voucher,CampaignId,int,4,10,0,0
Voucher,Voucher,Code,varchar,255,0,0,0
Voucher,Voucher,Created,datetime2,8,27,7,0
Voucher,Voucher,ExpireAfter,datetime2,8,27,7,1
Voucher,Voucher,Id,int,4,10,0,0
Voucher,Voucher,ValidFrom,datetime2,8,27,7,0